_id,_pct_missed,_judgments,_hidden,_contention,_pct_contested,_gold_pool,_review_state,_label,label_gold,label_gold_reason,id,text_html,text_readable,expected_label,a,b,marker,raw_text,also_acceptable
1530075566,0.09,11,false,"",0.1818,,,"","OTHER
NONE",Sony is compared to the two objects of interest.,H1216379431,"I'm sorry, Sony's going to have to do better or I'm going to look elsewhere - maybe <span style=""color: #9A14B2; font-weight: bold"">IBM:[OBJECT_A]</span> or <span style=""color: #6CB219; font-weight: bold"">Dell:[OBJECT_B]</span>.","I'm sorry, Sony's going to have to do better or I'm going to look elsewhere - maybe *IBM* or §Dell$.",O,IBM,Dell,TRUE,"Here you get a quad-core 2.2GHz Intel Core i7 processor that, say Apple, runs 2x faster than it's predecessors.",""
1530075983,0.00,25,true,"",0.0,,,"NONE
OTHER
BETTER
WORSE","OTHER
NONE","Toshiba and Samsung are not compared against each other. However, the sentence can be understood that Intel will make faster chips than Toshiba and Samsung.",R2932140769,"<span style=""color: #9A14B2; font-weight: bold"">Toshiba:[OBJECT_A]</span> and <span style=""color: #6CB219; font-weight: bold"">Samsung:[OBJECT_B]</span> are expected to use the technology to make 10-nm flash memory chips, while Intel will make faster microprocessors that use less power.","*Toshiba* and §Samsung$ are expected to use the technology to make 10-nm flash memory chips, while Intel will make faster microprocessors that use less power.",N,Samsung,Toshiba,TRUE,"Toshiba and Samsung are expected to use the technology to make 10-nm flash memory chips, while Intel will make faster microprocessors that use less power.",""
1530076477,0.32,22,false,"",0.0,,passed,"",NONE,"",I1361598096,"I switch off between <span style=""color: #9A14B2; font-weight: bold"">Advil:[OBJECT_A]</span> and <span style=""color: #6CB219; font-weight: bold"">Motrin:[OBJECT_B]</span>.",I switch off between *Advil* and §Motrin$.,N,Advil,Motrin,FALSE,"HELLO KIA...GOODBYE HONDA, TOYOTA & NISSAN",""
1530077533,0.17,18,false,"",0.0,,,"",NONE,"",I1317900497,"In this IT Briefing, <span style=""color: #9A14B2; font-weight: bold"">Intel:[OBJECT_A]</span> and <span style=""color: #6CB219; font-weight: bold"">IBM:[OBJECT_B]</span> systems experts Mitch Shults, Jim Lawrie, and Paul Awad discuss analytical and transactional solutions that drive faster and smarter business decisions.","In this IT Briefing, *Intel* and §IBM$ systems experts Mitch Shults, Jim Lawrie, and Paul Awad discuss analytical and transactional solutions that drive faster and smarter business decisions.",N,IBM,Intel,TRUE,small Google satellite map of N. Kingston/quon Airport link,""
1530077892,0.26,19,false,"",0.0,,passed,"",NONE,"",B334288391,"Are deadly strikes at Cambodia's <span style=""color: #9A14B2; font-weight: bold"">Nike:[OBJECT_A]</span>, Puma and <span style=""color: #6CB219; font-weight: bold"">Adidas:[OBJECT_B]</span> factories about more than better wages?","Are deadly strikes at Cambodia's *Nike*, Puma and §Adidas$ factories about more than better wages?",N,Nike,Adidas,TRUE,"It's just Apple trying to get better terms/service from IBM (think Dell's ""talks"" with AMD)",""
1530078213,0.38,16,false,"",0.0,,passed,"","OTHER
NONE",Intel and Microsoft are not compared against each other. The earnings of Intel are indirectly compared agains the expected earnings.,I1295499877,"<span style=""color: #9A14B2; font-weight: bold"">Intel:[OBJECT_A]</span> reported better-than-expected earnings and sales after the close, while <span style=""color: #6CB219; font-weight: bold"">Microsoft:[OBJECT_B]</span> reports Thursday afternoon.","*Intel* reported better-than-expected earnings and sales after the close, while §Microsoft$ reports Thursday afternoon.",N,Microsoft,Intel,TRUE,He better hope so considering the commitment to battery power being made by Nissan and its French alliance partner Renault.,""
1530078364,0.52,23,false,"unfair
Review ",0.087,,passed,"",OTHER,"Ford and Chevrolet are not compared against each other (""That's"" is compared to Ford, Chevrolet, Hyundai, ...)",O2375114608,"That's better than <span style=""color: #9A14B2; font-weight: bold"">Ford:[OBJECT_A]</span> Fusion Hybrid, <span style=""color: #6CB219; font-weight: bold"">Chevrolet:[OBJECT_B]</span> Malibu ECO, Hyundai Hybrid or any other competing mid-size sedan.","That's better than *Ford* Fusion Hybrid, §Chevrolet$ Malibu ECO, Hyundai Hybrid or any other competing mid-size sedan.",O,Ford,Chevrolet,TRUE,"If you choose tho adapt manual lenses, like Nikon or Leica mount, etc, the handling will be much better with the more ergonomically designed bodies like the GH3, EM1, G6 and GX7.",N
1530078669,0.42,19,false,"",0.0,,passed,"",NONE,"",M2058434090,"Quick reminder here: Both <span style=""color: #9A14B2; font-weight: bold"">IBM:[OBJECT_A]</span> and <span style=""color: #6CB219; font-weight: bold"">Microsoft:[OBJECT_B]</span> are companies; big ones at that, with all the trappings of big business that, for better or worse (mostly worse), come with it.","Quick reminder here: Both *IBM* and §Microsoft$ are companies; big ones at that, with all the trappings of big business that, for better or worse (mostly worse), come with it.",N,Microsoft,IBM,TRUE,"Where is Nokia, Ericsson, and Motorola now?",""
1530079645,0.00,26,true,"",0.0769,,,"BETTER
OTHER
WORSE
NONE",BETTER,"",K1742319531,"Most of us would agree that it is ""better"" to be a doctor than a nurse, or to drive a <span style=""color: #9A14B2; font-weight: bold"">BMW:[OBJECT_A]</span> rather than a <span style=""color: #6CB219; font-weight: bold"">Honda:[OBJECT_B]</span>.","Most of us would agree that it is ""better"" to be a doctor than a nurse, or to drive a *BMW* rather than a §Honda$.",O,Honda,BMW,TRUE,How can anyone think based on the BMW and Honda today that those cars look better than the '08 ones.,O
1530079769,0.80,10,false,"",0.0,,passed,"",OTHER,"""The chip"" is compared to the Atom Clover Trail processors",O2434821235,"The chip is expected to provide faster performance than the Atom ""Clover Trail"" processors currently found in Windows 8 tablets from Acer, <span style=""color: #9A14B2; font-weight: bold"">Dell:[OBJECT_A]</span>, <span style=""color: #6CB219; font-weight: bold"">Hewlett-Packard:[OBJECT_B]</span>, Lenovo and Samsung.","The chip is expected to provide faster performance than the Atom ""Clover Trail"" processors currently found in Windows 8 tablets from Acer, *Dell*, §Hewlett-Packard$, Lenovo and Samsung.",O,Dell,Hewlett-Packard,TRUE,"Ive never had better (and Ive owned BMW, SaaB, Audi, Toyota and many others)",O
1530080228,0.35,20,false,"",0.0,,passed,"",WORSE,Toshiba drives are slower than Samsung Drives,Q2733431130,"The tech blogs are saying that in real-world experience we probably wouldn't even notice the difference between the slower <span style=""color: #9A14B2; font-weight: bold"">Toshiba:[OBJECT_A]</span> drive and the faster <span style=""color: #6CB219; font-weight: bold"">Samsung:[OBJECT_B]</span> drive.",The tech blogs are saying that in real-world experience we probably wouldn't even notice the difference between the slower *Toshiba* drive and the faster §Samsung$ drive.,W,Samsung,Toshiba,TRUE,The tech blogs are saying that in real-world experience we probably wouldn't even notice the difference between the slower Toshiba drive and the faster Samsung drive.,""
1530080618,0.44,16,false,"",0.0,,passed,"",WORSE,Chrysler has a bigger loss in sales (48%) than Toyota (33%),E676524787,"Every major auto maker, whether failing or not, has reported dramatic sales declines from year-earlier levels: Not just <span style=""color: #9A14B2; font-weight: bold"">Chrysler:[OBJECT_A]</span>, which got whacked with a massive 48 percent loss in sales ... but also General Motors, down 33 percent ... <span style=""color: #6CB219; font-weight: bold"">Toyota:[OBJECT_B]</span>, down 42 percent ... and even Ford, supposedly better off, suffering a 32 percent hit to sales.","Every major auto maker, whether failing or not, has reported dramatic sales declines from year-earlier levels: Not just *Chrysler*, which got whacked with a massive 48 percent loss in sales ... but also General Motors, down 33 percent ... §Toyota$, down 42 percent ... and even Ford, supposedly better off, suffering a 32 percent hit to sales.",W,Toyota,Chrysler,TRUE,"Every major auto maker, whether failing or not, has reported dramatic sales declines from year-earlier levels: Not just Chrysler, which got whacked with a massive 48 percent loss in sales ... but also General Motors, down 33 percent ... Toyota, down 42 percent ... and even Ford, supposedly better off, suffering a 32 percent hit to sales.",""
1530081070,0.25,8,false,"",0.0,,passed,"","OTHER
NONE","",K1713590026,"<span style=""color: #9A14B2; font-weight: bold"">Microsoft:[OBJECT_A]</span> continues to disappoint; not sure who's support is worse between <span style=""color: #6CB219; font-weight: bold"">Apple:[OBJECT_B]</span> & MS.",*Microsoft* continues to disappoint; not sure who's support is worse between §Apple$ & MS.,W,Microsoft,Apple,TRUE,Microsoft continues to disappoint; not sure who's support is worse between Apple & MS.,""
1530081252,0.19,21,false,"",0.0,,,"","WORSE
OTHER",The sentence is comparative.,L1774002505,"My personal thoughts of <span style=""color: #9A14B2; font-weight: bold"">Dell:[OBJECT_A]</span> are they are not any better than <span style=""color: #6CB219; font-weight: bold"">Sony:[OBJECT_B]</span>, pretending people will use 64kps encoding to up their Song count size...","My personal thoughts of *Dell* are they are not any better than §Sony$, pretending people will use 64kps encoding to up their Song count size...",W,Sony,Dell,TRUE,"My personal thoughts of Dell are they are not any better than Sony, pretending people will use 64kps encoding to up their Song count size...",""
1530081539,0.00,15,true,"",0.0,,,"WORSE
OTHER
BETTER
NONE",WORSE,"",P2579909657,"Then I had a <span style=""color: #9A14B2; font-weight: bold"">Samsung:[OBJECT_A]</span>, which was pretty decent, but not as good as the <span style=""color: #6CB219; font-weight: bold"">Nokia:[OBJECT_B]</span>.","Then I had a *Samsung*, which was pretty decent, but not as good as the §Nokia$.",W,Nokia,Samsung,TRUE,"Then I had a samsung, which was pretty decent, but not as good as the nokia.",""
1530081774,0.30,20,false,"",0.0,,passed,"",WORSE,"",I1260094599,"In fact, there was an RF camera that was even better than the <span style=""color: #9A14B2; font-weight: bold"">Leica:[OBJECT_A]</span> M - the <span style=""color: #6CB219; font-weight: bold"">Nikon:[OBJECT_B]</span> SP rangefinder camera.","In fact, there was an RF camera that was even better than the *Leica* M - the §Nikon$ SP rangefinder camera.",W,Nikon,Leica,TRUE,"In fact, there was an RF camera that was even better than the Leica M - the Nikon SP rangefinder camera.",""
1530081900,0.00,16,false,Disagree!,0.0625,,passed,"","WORSE
NONE","Microsoft is worse because it was destroyed by Sony. However, since this comparison is very implicit, NONE is also acceptable.",K1713562477,"<span style=""color: #9A14B2; font-weight: bold"">Microsoft:[OBJECT_A]</span> backed the piece of shit technologically inferior HD-DVD format and got destroyed by <span style=""color: #6CB219; font-weight: bold"">Sony:[OBJECT_B]</span> in the market.",*Microsoft* backed the piece of shit technologically inferior HD-DVD format and got destroyed by §Sony$ in the market.,W,Microsoft,Sony,TRUE,Microsoft backed the piece of shit technologically inferior HD-DVD format and got destroyed by Sony in the market.,""
1530082088,0.96,24,false,"",0.0,,passed,"",WORSE,"The focus on the sentence is not primarily on Ford vs. Nissan, but it is said that Ford has a better design than Nissan.",R2915041596,"Today's Sentra is also fairly plain, competing against the Toyota Corolla, <span style=""color: #9A14B2; font-weight: bold"">Ford:[OBJECT_A]</span> Focus, Hyundai Elantra -- all of which are newer, better designs than the <span style=""color: #6CB219; font-weight: bold"">Nissan:[OBJECT_B]</span>.","Today's Sentra is also fairly plain, competing against the Toyota Corolla, *Ford* Focus, Hyundai Elantra -- all of which are newer, better designs than the §Nissan$.",W,Ford,Nissan,TRUE,"Today's Sentra is also fairly plain, competing against the Toyota Corolla, Ford Focus, Hyundai Elantra -- all of which are newer, better designs than the Nissan.",""
1530082843,0.00,19,false,"",0.0,,,"",BETTER,"",P2580845002,"The <span style=""color: #9A14B2; font-weight: bold"">Nissan:[OBJECT_A]</span> provided better ride and handling than the <span style=""color: #6CB219; font-weight: bold"">Toyota:[OBJECT_B]</span>.",The *Nissan* provided better ride and handling than the §Toyota$.,B,Toyota,Nissan,TRUE,"I live in the home of Coca-Cola, so Pepsi is a little harder to come by vending machine wise.",""
1530082962,0.00,15,true,"",0.0667,,,"BETTER
OTHER
WORSE
NONE","BETTER
OTHER",Microsoft makes superior products,D402677286,"But my biggest worry is that the tech press will continue to do what they always do and ignore a superior product from <span style=""color: #9A14B2; font-weight: bold"">Microsoft:[OBJECT_A]</span> and flog an inferior offering because it's from <span style=""color: #6CB219; font-weight: bold"">Google:[OBJECT_B]</span>.",But my biggest worry is that the tech press will continue to do what they always do and ignore a superior product from *Microsoft* and flog an inferior offering because it's from §Google$.,B,Microsoft,Google,TRUE,"To me, I think that Sony knows how to create a better media hub than Google and that is what they need to pull in.",""
1530083016,0.88,17,false,unfair,0.0588,,passed,"",BETTER,Getting sponsored by Nike is easier than getting sponsored by Adidas,T3277331551,"You thought trying to get sponsored by <span style=""color: #9A14B2; font-weight: bold"">Nike:[OBJECT_A]</span> was hard well learning how to get sponsored by <span style=""color: #6CB219; font-weight: bold"">Adidas:[OBJECT_B]</span> is even harder.",You thought trying to get sponsored by *Nike* was hard well learning how to get sponsored by §Adidas$ is even harder.,B,Nike,Adidas,TRUE,Here's Why Coca-Cola Is Better Than Pepsi,""
1530083057,0.06,16,false,"",0.0,,,"",BETTER,"",Q2717226477,"The <span style=""color: #9A14B2; font-weight: bold"">Sony:[OBJECT_A]</span> Xperia S kept pace with the Galaxy Nexus and even loaded some websites faster than the pure <span style=""color: #6CB219; font-weight: bold"">Google:[OBJECT_B]</span> flagship phone.",The *Sony* Xperia S kept pace with the Galaxy Nexus and even loaded some websites faster than the pure §Google$ flagship phone.,B,Google,Sony,TRUE,I drive a Chevrolet Trailblazer...not much different than the Envoy...and don't think it's outdated...I don't think Ford or Chrysler has done any better?,""
1530083216,0.07,15,false,"",0.0,,,"",BETTER,"",R2923292995,"To me, I think that <span style=""color: #9A14B2; font-weight: bold"">Sony:[OBJECT_A]</span> knows how to create a better media hub than <span style=""color: #6CB219; font-weight: bold"">Google:[OBJECT_B]</span> and that is what they need to pull in.","To me, I think that *Sony* knows how to create a better media hub than §Google$ and that is what they need to pull in.",B,Google,Sony,TRUE,"Sony, though having slower updates, does manage to optimize the OS much better than Google, yielding better results.",""
1530083372,0.08,13,false,"",0.0,,,"",NONE,"",E606372886,"Down: Google, <span style=""color: #9A14B2; font-weight: bold"">Intel:[OBJECT_A]</span>, Cisco Systems, <span style=""color: #6CB219; font-weight: bold"">Hewlett-Packard:[OBJECT_B]</span>, eBay, VMware.","Down: Google, *Intel*, Cisco Systems, §Hewlett-Packard$, eBay, VMware.","",Intel,Hewlett-Packard,FALSE,"Down: Google, Intel, Cisco Systems, Hewlett-Packard, eBay, VMware.",""
1530266837,0.00,27,true,"",0.0,,,"BETTER
WORSE
OTHER
NONE",BETTER,"",K1664460340,"Maintenance wise <span style=""color: #9A14B2; font-weight: bold"">Honda:[OBJECT_A]</span> is way better than <span style=""color: #6CB219; font-weight: bold"">Ford:[OBJECT_B]</span>.",Maintenance wise *Honda* is way better than §Ford$.,"",Ford,Honda,TRUE,"I think you have never tested apple, they are far better than all other companies walking in the market including Sony.",""
1530268535,0.41,22,false,"",0.0,,passed,"",OTHER,Adidas and Nike are not compared against each other.,N2260454391,"So much better than the recent <span style=""color: #9A14B2; font-weight: bold"">Adidas:[OBJECT_A]</span> templates and the <span style=""color: #6CB219; font-weight: bold"">Nike:[OBJECT_B]</span> templates.",So much better than the recent *Adidas* templates and the §Nike$ templates.,"",Nike,Adidas,TRUE,"Though better than the previous model, the Mustang's rear seat is still not as welcoming as the Chrysler Sebring's or Toyota Solara's.",""
1530268680,0.00,21,true,"",0.0,,,"BETTER
WORSE
OTHER
NONE",BETTER,"",G959023737,"<span style=""color: #9A14B2; font-weight: bold"">Honda:[OBJECT_A]</span> has a far better record for reliability than <span style=""color: #6CB219; font-weight: bold"">BMW:[OBJECT_B]</span> models.",*Honda* has a far better record for reliability than §BMW$ models.,"",Honda,BMW,TRUE,"I like the side effects of ibuprofen, Advil, or THC much better, even if there are not as clinically effective.",""
1530268767,0.00,20,true,"",0.0,,,"BETTER
WORSE
OTHER
NONE",BETTER,"",G959023737,"<span style=""color: #9A14B2; font-weight: bold"">Honda:[OBJECT_A]</span> has a far better record for reliability than <span style=""color: #6CB219; font-weight: bold"">BMW:[OBJECT_B]</span> models.",*Honda* has a far better record for reliability than §BMW$ models.,"",Honda,BMW,TRUE,"I like the side effects of ibuprofen, Advil, or THC much better, even if there are not as clinically effective.",""
1530270522,0.64,14,false,"",0.0,,passed,"",NONE,"""Sonic has superior apparel in any price range to fit any need"" says that Sonic has high quality apparel, but not that it is better than any other (not mentioned) object.",N2261529621,"Sonic Promos represents a tremendous collection of superior apparel lines including <span style=""color: #9A14B2; font-weight: bold"">Nike:[OBJECT_A]</span>, American Apparel, Cutter & Buck, Alternative Apparel, Callaway, Next Level, Greg Norman, Puma, <span style=""color: #6CB219; font-weight: bold"">Adidas:[OBJECT_B]</span> and Calvin Klein.Sonic has superior apparel in any price range to fit any need.","Sonic Promos represents a tremendous collection of superior apparel lines including *Nike*, American Apparel, Cutter & Buck, Alternative Apparel, Callaway, Next Level, Greg Norman, Puma, §Adidas$ and Calvin Klein.Sonic has superior apparel in any price range to fit any need.","",Nike,Adidas,TRUE,"Intel says that the new powerful Chromebooks will be able to easily load rich web apps up to four times faster faster as well as boost performance for Google Hangouts with multiple parties, making it more acceptable for video conferencing while on-the-go.",""
1530270554,0.12,17,false,"",0.0,,,"",WORSE,"",H1185501063,"I looked at <span style=""color: #9A14B2; font-weight: bold"">Toyota:[OBJECT_A]</span>, Chevrolet and Dodge, but they could not offer the solid overall package found in the <span style=""color: #6CB219; font-weight: bold"">Ford:[OBJECT_B]</span>.","I looked at *Toyota*, Chevrolet and Dodge, but they could not offer the solid overall package found in the §Ford$.","",Ford,Toyota,TRUE,"Apple, Google, Facebook Partner With EU To Make Internet Safer for Kids",""
1530270604,0.24,21,false,"",0.0,,,"",NONE,"",D540232371,"Current CPU: <span style=""color: #9A14B2; font-weight: bold"">AMD:[OBJECT_A]</span> Phenom II X4 955 Black Edition w/ Cooler Master Hyper 212+ Mobo: MSI 870-G45 PSU: OCZ StealthXstream II 500W Ram: G.Skill Ripjaws 8GB (4x2GB) DDR3 1600 (PC3 12800) GPU: EVGA GTX 560 Ti Superclocked HDD: <span style=""color: #6CB219; font-weight: bold"">Samsung:[OBJECT_B]</span> Spinpoint F3 1TB 7200 RPM CD/DVD: ASUS SATA 24X Burner",Current CPU: *AMD* Phenom II X4 955 Black Edition w/ Cooler Master Hyper 212+ Mobo: MSI 870-G45 PSU: OCZ StealthXstream II 500W Ram: G.Skill Ripjaws 8GB (4x2GB) DDR3 1600 (PC3 12800) GPU: EVGA GTX 560 Ti Superclocked HDD: §Samsung$ Spinpoint F3 1TB 7200 RPM CD/DVD: ASUS SATA 24X Burner,"",Samsung,AMD,TRUE,"Ellison also said Oracle ""is off to a very solid start"" in its Linux support business by signing Dell, Hewlett-Packard and CDW to resell its Oracle Enterprise Linux package.",""
1530270653,0.19,21,false,"",0.0,,,"","OTHER
NONE","",T3158151310,"While GM hit it big time with the relatively recent success of its brand <span style=""color: #9A14B2; font-weight: bold"">Chevrolet:[OBJECT_A]</span>, <span style=""color: #6CB219; font-weight: bold"">Ford:[OBJECT_B]</span> is also seeing a decent success with its EcoSport and Figo performing well in the market.","While GM hit it big time with the relatively recent success of its brand *Chevrolet*, §Ford$ is also seeing a decent success with its EcoSport and Figo performing well in the market.","",Ford,Chevrolet,TRUE,"Even better, both Google and Amazon let you access their e-books on pretty much any device you like.",""
1530270856,0.20,15,false,"",0.0667,,,"",BETTER,"The questions is not if Ford makes better cars, but if it's the first time.",I1357703692,"Is this the first time that both Chevrolet and <span style=""color: #9A14B2; font-weight: bold"">Ford:[OBJECT_A]</span> are making much better small cars than Honda and <span style=""color: #6CB219; font-weight: bold"">Toyota:[OBJECT_B]</span>?",Is this the first time that both Chevrolet and *Ford* are making much better small cars than Honda and §Toyota$?,"",Ford,Toyota,TRUE,"Intel, Sony and Cisco had better luck with their celebrity picks.",""
1530271073,0.40,20,false,"",0.0,,passed,"",OTHER,"Toyota and BWM are compared, but there is no clear result which one is better.",J1568498034,"Just because a <span style=""color: #9A14B2; font-weight: bold"">Toyota:[OBJECT_A]</span> may ""look"" cooler than a <span style=""color: #6CB219; font-weight: bold"">BMW:[OBJECT_B]</span> doesn't make it a better car.","Just because a *Toyota* may ""look"" cooler than a §BMW$ doesn't make it a better car.","",Toyota,BMW,TRUE,"Nathan - sadly its not just Ford, BMW are no better with stock levels around here.",""
1530272006,0.00,9,false,"",0.0,,,"","WORSE
OTHER","",H1098290399,"If these ""home-theater PCs"" take off, Toshiba, Mitsubishi, <span style=""color: #9A14B2; font-weight: bold"">Sony:[OBJECT_A]</span> and the rest of Japan Inc. had better watch out for brutal competition from the likes of <span style=""color: #6CB219; font-weight: bold"">Dell:[OBJECT_B]</span>, Compaq and Gateway.","If these ""home-theater PCs"" take off, Toshiba, Mitsubishi, *Sony* and the rest of Japan Inc. had better watch out for brutal competition from the likes of §Dell$, Compaq and Gateway.","",Sony,Dell,TRUE,"11/2/07) this year on Nov. 1, the good news for new CEO Robert Nardelli and his two vice-chairmen-incumbent Tom LaSorda and former Toyota Motor (TM) North America boss James Press-is that they have the autonomy to make decisions much faster than Chrysler could under Daimler (DAI).",""
1530272064,0.39,18,false,"",0.0556,,passed,"","OTHER
NONE","",H1098290399,"If these ""home-theater PCs"" take off, Toshiba, Mitsubishi, <span style=""color: #9A14B2; font-weight: bold"">Sony:[OBJECT_A]</span> and the rest of Japan Inc. had better watch out for brutal competition from the likes of <span style=""color: #6CB219; font-weight: bold"">Dell:[OBJECT_B]</span>, Compaq and Gateway.","If these ""home-theater PCs"" take off, Toshiba, Mitsubishi, *Sony* and the rest of Japan Inc. had better watch out for brutal competition from the likes of §Dell$, Compaq and Gateway.","",Sony,Dell,TRUE,"11/2/07) this year on Nov. 1, the good news for new CEO Robert Nardelli and his two vice-chairmen-incumbent Tom LaSorda and former Toyota Motor (TM) North America boss James Press-is that they have the autonomy to make decisions much faster than Chrysler could under Daimler (DAI).",""
1530272176,0.15,20,false,"",0.0,,,"",BETTER,"",B222620247,"Although <span style=""color: #9A14B2; font-weight: bold"">Amazon:[OBJECT_A]</span> messed up - badly - <span style=""color: #6CB219; font-weight: bold"">Apple:[OBJECT_B]</span> messed up much worse.",Although *Amazon* messed up - badly - §Apple$ messed up much worse.,"",Apple,Amazon,TRUE,"Robert Kubica was second fastest in his BMW Sauber, just four-tenths shy of pace-setter Glock while Nico Rosberg posted the third best time just a fraction slower in his Williams Toyota.",""
1530272267,0.19,16,false,"",0.0,,,"",NONE,"",Q2763467132,"The wiser choice is to stalk retailers, who are getting regular shipments from <span style=""color: #9A14B2; font-weight: bold"">Sony:[OBJECT_A]</span> and <span style=""color: #6CB219; font-weight: bold"">Microsoft:[OBJECT_B]</span>.","The wiser choice is to stalk retailers, who are getting regular shipments from *Sony* and §Microsoft$.","",Microsoft,Sony,TRUE,"If Leica is ever to produce a non-rangefinder mirrorless full-frame interchangeable-lens camera with an electronic viewfinder, the mythical beast I have been waiting for ever since they discontinued the R line; or if Sony or Fuji or someone is to produce the first non-camcorder full-frame mirrorless; or if I am to toss in the towel and get an EOS; or, better yet, get a Nikon or a Sony and drop a lot of money on Leitax...",""
1530272301,0.39,18,false,"",0.0,,passed,"",NONE,"",S3008433584,"Volkswagen, <span style=""color: #9A14B2; font-weight: bold"">Mercedes-Benz:[OBJECT_A]</span>, BMW, <span style=""color: #6CB219; font-weight: bold"">Audi:[OBJECT_B]</span>, and Mini all saw solid growth.","Volkswagen, *Mercedes-Benz*, BMW, §Audi$, and Mini all saw solid growth.",N,Audi,Mercedes-Benz,TRUE,"Motrin, Advil",""
1530272347,0.38,16,false,"",0.0,,passed,"",NONE,"",M1937653445,"OTC NSAIDs include ibuprofen (<span style=""color: #9A14B2; font-weight: bold"">Motrin:[OBJECT_A]</span> or <span style=""color: #6CB219; font-weight: bold"">Advil:[OBJECT_B]</span>) and naproxen (Aleve).",OTC NSAIDs include ibuprofen (*Motrin* or §Advil$) and naproxen (Aleve).,"",Advil,Motrin,FALSE,Complex directions (adapted from Google): 1. Turn left on PA-315 S toward Motorworld Dr 2. Turn right to merge onto PA-309 N - 2.7 mi 3. Take exit 4 toward US-11/Kingston/Forty Fort - 0.3 mi 4. Turn right onto Rutter Ave - 256 ft 5. Keep left at the fork - 92 ft 6. Continue onto Welles St - 0.4 mi 7. Turn right onto Wyoming Ave - Destination will be on the left - 2.1 mi,""
1530272756,0.29,17,false,"",0.1176,,,"OTHER
WORSE
NONE
BETTER","BETTER
OTHER","",H1070223341,"If <span style=""color: #9A14B2; font-weight: bold"">Dell:[OBJECT_A]</span> croaks, there's still HP, Asus, Acer, <span style=""color: #6CB219; font-weight: bold"">Sony:[OBJECT_B]</span>, and a host of others to step right in (at similar pricepoints and mostly the same quality level, if not a bit higher; also better hardware/driver consistency within a given model series).","If *Dell* croaks, there's still HP, Asus, Acer, §Sony$, and a host of others to step right in (at similar pricepoints and mostly the same quality level, if not a bit higher; also better hardware/driver consistency within a given model series).",N,Sony,Dell,TRUE,"Since Microsoft decided to follow the Google Chrome model of embedding Flash within browser, they're tied to Adobe now for better or worse, he said in an email.",""
1530272806,0.36,11,false,"",0.0,,passed,"",NONE,"",K1601093773,"large <span style=""color: #9A14B2; font-weight: bold"">Kingston:[OBJECT_A]</span> upon Thames <span style=""color: #6CB219; font-weight: bold"">Google:[OBJECT_B]</span> map image link",large *Kingston* upon Thames §Google$ map image link,N,Google,Kingston,FALSE,"If Dell croaks, there's still HP, Asus, Acer, Sony, and a host of others to step right in (at similar pricepoints and mostly the same quality level, if not a bit higher; also better hardware/driver consistency within a given model series).",""
1530276991,0.58,19,false,"",0.0,,passed,"",OTHER,"",Q2694801521,"The second-generation one, with its cut-and-thrust styling, has moved the SRX into runner-up position in the mid-luxury crossover segment, and you have to figure that it's only the customarily mediocre (but reportedly improving) <span style=""color: #9A14B2; font-weight: bold"">Cadillac:[OBJECT_A]</span> dealership experience that hasn't accelerated demand even more and made the <span style=""color: #6CB219; font-weight: bold"">Lexus:[OBJECT_B]</span> RX350 and RX450h want to get off their ballet points and put on some boxing gloves.","The second-generation one, with its cut-and-thrust styling, has moved the SRX into runner-up position in the mid-luxury crossover segment, and you have to figure that it's only the customarily mediocre (but reportedly improving) *Cadillac* dealership experience that hasn't accelerated demand even more and made the §Lexus$ RX350 and RX450h want to get off their ballet points and put on some boxing gloves.",N,Cadillac,Lexus,TRUE,large Kingston upon Thames google map image link,""
1530279847,0.47,15,false,"",0.0,,passed,"",NONE,"",R2809418284,"This <span style=""color: #9A14B2; font-weight: bold"">Advil:[OBJECT_A]</span> ® formulation combines an effective decongestant, phenylephrine, that reduces swelling to permit easier breathing, with the pain relieving power of <span style=""color: #6CB219; font-weight: bold"">Ibuprofen:[OBJECT_B]</span>, plus an effective antihistamine, chlorpheniramine, that helps prevent the release of the chemical that causes allergy symptoms.","This *Advil* ® formulation combines an effective decongestant, phenylephrine, that reduces swelling to permit easier breathing, with the pain relieving power of §Ibuprofen$, plus an effective antihistamine, chlorpheniramine, that helps prevent the release of the chemical that causes allergy symptoms.",N,Ibuprofen,Advil,TRUE,"The second-generation one, with its cut-and-thrust styling, has moved the SRX into runner-up position in the mid-luxury crossover segment, and you have to figure that it's only the customarily mediocre (but reportedly improving) Cadillac dealership experience that hasn't accelerated demand even more and made the Lexus RX350 and RX450h want to get off their ballet points and put on some boxing gloves.",""
1530282129,0.00,20,true,"",0.0,,,"NONE
OTHER
BETTER
WORSE",NONE,"",I1295260202,"<span style=""color: #9A14B2; font-weight: bold"">Intel:[OBJECT_A]</span> Core2Duo E7600 3.06GHz 1066MHz (3MB L2) Gigabyte GA-EP45-UD3R <span style=""color: #6CB219; font-weight: bold"">Kingston:[OBJECT_B]</span> 2GB DDR2 800MHz x2 Western Digital Caviar Blue 500GB Sapphire ATI Radeon HD5770 1GB GDDR5 128bit LG GH24NS50 DVDRW Sata24x Cooler Master [...]",*Intel* Core2Duo E7600 3.06GHz 1066MHz (3MB L2) Gigabyte GA-EP45-UD3R §Kingston$ 2GB DDR2 800MHz x2 Western Digital Caviar Blue 500GB Sapphire ATI Radeon HD5770 1GB GDDR5 128bit LG GH24NS50 DVDRW Sata24x Cooler Master [...],N,Intel,Kingston,TRUE,"Among the 12 models that did better than industry average, Nissan, Honda, Ford and Volkswagen each had two; Dodge, Subaru, Mazda and Hyundai had one each.",""
1530283466,0.00,14,false,"",0.0,,,"",NONE,"",A151622200,"<span style=""color: #9A14B2; font-weight: bold"">Advil:[OBJECT_A]</span>, <span style=""color: #6CB219; font-weight: bold"">Motrin:[OBJECT_B]</span>, and aleve.","*Advil*, §Motrin$, and aleve.",N,Advil,Motrin,FALSE,Intel Core2Duo E7600 3.06GHz 1066MHz (3MB L2) Gigabyte GA-EP45-UD3R Kingston 2GB DDR2 800MHz x2 Western Digital Caviar Blue 500GB Sapphire ATI Radeon HD5770 1GB GDDR5 128bit LG GH24NS50 DVDRW Sata24x Cooler Master [...],""
1530287976,1.00,10,false,"",0.0,,passed,"",NONE,"It's a question. See the instructions for NONE: ""The sentence is a question.""",N2262643178,"<span style=""color: #9A14B2; font-weight: bold"">Sony:[OBJECT_A]</span> PS3 Infographic: Better Than <span style=""color: #6CB219; font-weight: bold"">Apple:[OBJECT_B]</span> TV, Xbox 360, Wii, Roku, Boxee?","*Sony* PS3 Infographic: Better Than §Apple$ TV, Xbox 360, Wii, Roku, Boxee?",N,Apple,Sony,TRUE,I imagine Buick and Cadillac would be doing better if their former segment of retirees knew what they were buying.,""
1530291535,0.28,18,false,"",0.0,,passed,"",NONE,"",F866278955,"He better hope so considering the commitment to battery power being made by <span style=""color: #9A14B2; font-weight: bold"">Nissan:[OBJECT_A]</span> and its French alliance partner <span style=""color: #6CB219; font-weight: bold"">Renault:[OBJECT_B]</span>.",He better hope so considering the commitment to battery power being made by *Nissan* and its French alliance partner §Renault$.,N,Nissan,Renault,TRUE,"Sony PS3 Infographic: Better Than Apple TV, Xbox 360, Wii, Roku, Boxee?",""
1530292122,0.25,12,false,"",0.0,,passed,"",NONE,"",E718148199,"Findings by AnandTech from earlier this morning also suggest that Apple has moved away from <span style=""color: #9A14B2; font-weight: bold"">Toshiba:[OBJECT_A]</span> to <span style=""color: #6CB219; font-weight: bold"">Samsung:[OBJECT_B]</span> as the provider for solid-state storage in its MacBook Air notebooks.",Findings by AnandTech from earlier this morning also suggest that Apple has moved away from *Toshiba* to §Samsung$ as the provider for solid-state storage in its MacBook Air notebooks.,N,Samsung,Toshiba,TRUE,"Intel reported better-than-expected earnings and sales after the close, while Microsoft reports Thursday afternoon.",""
1530292182,0.00,15,false,"",0.0,,,"",,,K1745010201,"<span style=""color: #9A14B2; font-weight: bold"">Motrin:[OBJECT_A]</span>, <span style=""color: #6CB219; font-weight: bold"">Advil:[OBJECT_B]</span>","*Motrin*, §Advil$",N,Advil,Motrin,FALSE,Findings by AnandTech from earlier this morning also suggest that Apple has moved away from Toshiba to Samsung as the provider for solid-state storage in its MacBook Air notebooks.,""
1530292212,0.28,18,false,"",0.0,,passed,"",NONE,"",S3008433584,"Volkswagen, <span style=""color: #9A14B2; font-weight: bold"">Mercedes-Benz:[OBJECT_A]</span>, BMW, <span style=""color: #6CB219; font-weight: bold"">Audi:[OBJECT_B]</span>, and Mini all saw solid growth.","Volkswagen, *Mercedes-Benz*, BMW, §Audi$, and Mini all saw solid growth.",N,Audi,Mercedes-Benz,TRUE,"Motrin, Advil",""
1530292312,0.00,19,false,"",0.0,,,"","OTHER
NONE","",J1463736928,"It's really hard to tell which of the two companies did a better job at recycling designs, <span style=""color: #9A14B2; font-weight: bold"">Nokia:[OBJECT_A]</span> or <span style=""color: #6CB219; font-weight: bold"">Samsung:[OBJECT_B]</span>.","It's really hard to tell which of the two companies did a better job at recycling designs, *Nokia* or §Samsung$.",N,Nokia,Samsung,TRUE,"Volkswagen, Mercedes-Benz, BMW, Audi, and Mini all saw solid growth.",""
1530292639,0.50,14,false,"",0.0,,passed,"",NONE,"",M2032944689,"Previously, <span style=""color: #9A14B2; font-weight: bold"">Microsoft:[OBJECT_A]</span> had decided that the best way to sell more of its software was to buy the companies that make the poorly selling boxes it runs on, such as all of <span style=""color: #6CB219; font-weight: bold"">Dell:[OBJECT_B]</span> and half of Nokia OY .","Previously, *Microsoft* had decided that the best way to sell more of its software was to buy the companies that make the poorly selling boxes it runs on, such as all of §Dell$ and half of Nokia OY .",N,Microsoft,Dell,TRUE,I am for solid engineering reasons a fan of the Toyota/Ford hybrids.,""
1530292672,0.38,16,false,"",0.0,,passed,"",NONE,"",G1009875023,"I am for solid engineering reasons a fan of the <span style=""color: #9A14B2; font-weight: bold"">Toyota:[OBJECT_A]</span>/<span style=""color: #6CB219; font-weight: bold"">Ford:[OBJECT_B]</span> hybrids.",I am for solid engineering reasons a fan of the *Toyota*/§Ford$ hybrids.,N,Ford,Toyota,TRUE,"Interestingly, both Amazon and Microsoft offer 3 and a half nines of service level availability (99.95%), making comparing the service prices even easier.",""
1530293040,0.06,18,false,"",0.0,,,"",BETTER,"",L1921171660,"On this chart EMC, Hitachi Data Systems, and <span style=""color: #9A14B2; font-weight: bold"">IBM:[OBJECT_A]</span> are all doing better than HP and <span style=""color: #6CB219; font-weight: bold"">Dell:[OBJECT_B]</span>.","On this chart EMC, Hitachi Data Systems, and *IBM* are all doing better than HP and §Dell$.",B,IBM,Dell,TRUE,"In addition, Google is in a better position than Amazon to reach the high-quality/low price sweet spot.",""
1530293068,0.25,16,false,"",0.0625,,passed,"","BETTER
OTHER","""IBM  smacking Intel"" can be understood in a way that IBM is better than Intel",I1365672763,"Itanium will continue to languish and sell poorly, with Sun and <span style=""color: #9A14B2; font-weight: bold"">IBM:[OBJECT_A]</span> smacking <span style=""color: #6CB219; font-weight: bold"">Intel:[OBJECT_B]</span> silly in the midrange market.","Itanium will continue to languish and sell poorly, with Sun and *IBM* smacking §Intel$ silly in the midrange market.","",IBM,Intel,TRUE,Sony Corporation (ADR) (NYSE:SNE) will grow earnings faster than Microsoft Corporation (NASDAQ:MSFT).,""
1530293169,0.08,12,false,"",0.0,,,"",WORSE,"",G1034967865,"I compared it to the <span style=""color: #9A14B2; font-weight: bold"">Nikon:[OBJECT_A]</span> 20mm f2.8, and found I liked the <span style=""color: #6CB219; font-weight: bold"">Sigma:[OBJECT_B]</span> better.","I compared it to the *Nikon* 20mm f2.8, and found I liked the §Sigma$ better.","",Sigma,Nikon,TRUE,MixÂ ibuprofen (Advil) and water into a paste and put it on rips to make them feel better.,""
1530293782,0.14,14,false,"",0.0,,,"",NONE,"",K1744931988,"Motorola Samsung <span style=""color: #9A14B2; font-weight: bold"">Sony:[OBJECT_A]</span> Ericsson Toshiba Vodafone <span style=""color: #6CB219; font-weight: bold"">Google:[OBJECT_B]</span> Intel Texas Instruments Part of the alliance's goal is to innovate rapidly and respond better to consumer needs, and its first key outcome was the Android Platform.","Motorola Samsung *Sony* Ericsson Toshiba Vodafone §Google$ Intel Texas Instruments Part of the alliance's goal is to innovate rapidly and respond better to consumer needs, and its first key outcome was the Android Platform.","",Google,Sony,TRUE,"Meanwhile, German sportswear firms Adidas and Puma shined above other retailers as investors pile in following better-than-expected fourth quarter earnings from US rival Nike last night.",""
1530293832,0.31,13,false,"its same  The sentence is comparative, but neither BETTER or WORSE fit. (OTHER) its my answer please review",0.0769,,passed,"",NONE,"",I1345265517,"I see from <span style=""color: #9A14B2; font-weight: bold"">Google:[OBJECT_A]</span> that he is now a systems engineer in <span style=""color: #6CB219; font-weight: bold"">Kingston:[OBJECT_B]</span>-upon-Thames...his current views on RDA not specified.",I see from *Google* that he is now a systems engineer in §Kingston$-upon-Thames...his current views on RDA not specified.,"",Google,Kingston,FALSE,"I would say that in my opinion, aesthetically, this laptop is quite a bit better than Dell or even IBM laptops, but of course, it's not as good as Sony's Viao series.",""
1532672692,0.00,0,false,"",0,,,"",WORSE,"The sentence contains a question, but the main statement is that Sony is better than Microsoft.",K1714037027,"<span style=""color: #9A14B2; font-weight: bold"">Microsoft:[OBJECT_A]</span> was okay, <span style=""color: #6CB219; font-weight: bold"">Sony:[OBJECT_B]</span> was better...How do you think Nintendo will do?","*Microsoft* was okay, §Sony$ was better...How do you think Nintendo will do?",W,Microsoft,Sony,TRUE,"Microsoft was okay, Sony was better...How do you think Nintendo will do?",""
1532673185,1.00,1,false,"",0.0,,,"",OTHER,Google and Amazon are superior to another not mentioned object.,D412645657,"But the <span style=""color: #9A14B2; font-weight: bold"">Google:[OBJECT_A]</span> and <span style=""color: #6CB219; font-weight: bold"">Amazon:[OBJECT_B]</span> tablets have superior processors and displays to run applications faster and show better graphics.",But the *Google* and §Amazon$ tablets have superior processors and displays to run applications faster and show better graphics.,O,Google,Amazon,TRUE,"If you need more towing capacity, then a Ford Expedition or Chevrolet Suburban 2500 will be a better choice, as they can deal with the larger trailers.",""
1532674076,0.00,0,false,"",0,,,"",OTHER,"""These systems"" are compared to Intel and Dell.",Q2707090707,"These systems, for the most part, were slower than the two entry-level <span style=""color: #9A14B2; font-weight: bold"">Intel:[OBJECT_A]</span>-powered systems we tested, this HP G60-235DX and the <span style=""color: #6CB219; font-weight: bold"">Dell:[OBJECT_B]</span> Inspiron I15-156B .","These systems, for the most part, were slower than the two entry-level *Intel*-powered systems we tested, this HP G60-235DX and the §Dell$ Inspiron I15-156B .",O,Intel,Dell,TRUE,"It fared better than other netbooks in this price range, such as the ASUS Eee PC 1001P (1,384) and the Toshiba mini NB255 (1,393), and even the costlier Samsung N150 Plus (1,300).",N
1532674957,0.00,0,true,"",0,,,"","OTHER
NONE","The sentence contains comparisons (Java developers being ""superior"" to those using PHP), but the quotes around superior indicate that the author does not think it is true",R2829449916,"This infographic from Kissmetrics comes up with some definite sounding findings - starting with Python and Java developers being ""superior"" to those using PHP, Perl and Ruby and Facebook and Google software engineers being ""better"" than those at <span style=""color: #9A14B2; font-weight: bold"">Amazon:[OBJECT_A]</span> and <span style=""color: #6CB219; font-weight: bold"">Microsoft:[OBJECT_B]</span>.","This infographic from Kissmetrics comes up with some definite sounding findings - starting with Python and Java developers being ""superior"" to those using PHP, Perl and Ruby and Facebook and Google software engineers being ""better"" than those at *Amazon* and §Microsoft$.",N,Microsoft,Amazon,TRUE,"These systems, for the most part, were slower than the two entry-level Intel-powered systems we tested, this HP G60-235DX and the Dell Inspiron I15-156B .",""
1532675110,0.00,0,false,"",0,,,"",BETTER,"",D473110471,"Chevrolet and <span style=""color: #9A14B2; font-weight: bold"">Ford:[OBJECT_A]</span> are selling better in the U.S.o The ""<span style=""color: #6CB219; font-weight: bold"">Toyota:[OBJECT_B]</span> takeover"" is not assured.o","Chevrolet and *Ford* are selling better in the U.S.o The ""§Toyota$ takeover"" is not assured.o",N,Ford,Toyota,TRUE,"As unlikely as it sounds, Amazon is pushing far harder than Microsoft or Apple to get its technology into the hands of other companies.",""
1532675170,0.00,0,false,"",0,,,"",NONE,"",G992077571,"HP (<span style=""color: #9A14B2; font-weight: bold"">Hewlett-Packard:[OBJECT_A]</span>) ProLiant ML350 G6 5U Tower Server - <span style=""color: #6CB219; font-weight: bold"">Intel:[OBJECT_B]</span> Xeon E5520 2.26 GHz",HP (*Hewlett-Packard*) ProLiant ML350 G6 5U Tower Server - §Intel$ Xeon E5520 2.26 GHz,N,Intel,Hewlett-Packard,FALSE,"Google Maps is superior to you, Apple Maps is superior to us.",""
1532675267,0.00,0,false,"",0,,,"",NONE,The sentence does not contain an comparison.,L1813364977,"<span style=""color: #9A14B2; font-weight: bold"">Nokia:[OBJECT_A]</span> ,Siemens,<span style=""color: #6CB219; font-weight: bold"">Motorola:[OBJECT_B]</span>), SMPP...","*Nokia* ,Siemens,§Motorola$), SMPP...",N,Nokia,Motorola,FALSE,Nokia Asha vs Samsung Rex: What's better?,""
1532675320,0.00,0,false,"",0,,,"",NONE,The sentence does not contain an comparison.,N2223136920,"small <span style=""color: #9A14B2; font-weight: bold"">Google:[OBJECT_A]</span> satellite map of N. <span style=""color: #6CB219; font-weight: bold"">Kingston:[OBJECT_B]</span>/quon Airport link",small *Google* satellite map of N. §Kingston$/quon Airport link,N,Google,Kingston,FALSE,"Nokia ,Siemens,Motorola), SMPP...",""
1532675558,1.00,1,false,"",0.0,,,"","OTHER
NONE","",S3066616159,"Well since i got my new video card (<span style=""color: #9A14B2; font-weight: bold"">MSI:[OBJECT_A]</span> <span style=""color: #6CB219; font-weight: bold"">Nvidia:[OBJECT_B]</span> Geforce GT 630 2gb) its been easier for me to play Mafia at higher resolutions.",Well since i got my new video card (*MSI* §Nvidia$ Geforce GT 630 2gb) its been easier for me to play Mafia at higher resolutions.,N,Nvidia,MSI,TRUE,presents: BMW M5 vs Ferrari F355 F1 Berlinetta.,""
1532675745,0.00,0,true,"",0,,,"",NONE,"",N2206859946,"Similarly, the participants in the <span style=""color: #9A14B2; font-weight: bold"">Apple:[OBJECT_A]</span>/<span style=""color: #6CB219; font-weight: bold"">IBM:[OBJECT_B]</span> study specifically noted that they did not consider either computer to be superior in terms of quality or performance.","Similarly, the participants in the *Apple*/§IBM$ study specifically noted that they did not consider either computer to be superior in terms of quality or performance.",N,Apple,IBM,TRUE,"Renault, Ferrari agree on Fisichella and Schumacher's collision",""
1532675796,0.00,0,false,"",0,,,"",NONE,"",B272645847,"And <span style=""color: #9A14B2; font-weight: bold"">Renault:[OBJECT_A]</span> stopped developing R29 long back with <span style=""color: #6CB219; font-weight: bold"">Ferrari:[OBJECT_B]</span>.",And *Renault* stopped developing R29 long back with §Ferrari$.,N,Ferrari,Renault,FALSE,"Similarly, the participants in the Apple/IBM study specifically noted that they did not consider either computer to be superior in terms of quality or performance.",""
1532676064,0.00,0,false,"",0,,,"",WORSE,"",G1025458504,"I bought this first only to return it back to <span style=""color: #9A14B2; font-weight: bold"">Amazon:[OBJECT_A]</span> and replace it with the <span style=""color: #6CB219; font-weight: bold"">Sony:[OBJECT_B]</span> HX9V which is superior in most aspects.",I bought this first only to return it back to *Amazon* and replace it with the §Sony$ HX9V which is superior in most aspects.,N,Sony,Amazon,TRUE,And Renault stopped developing R29 long back with Ferrari.,""
1532676090,0.00,0,false,"",0,,,"",NONE,"",C384373788,"<span style=""color: #9A14B2; font-weight: bold"">Asus:[OBJECT_A]</span> and <span style=""color: #6CB219; font-weight: bold"">Gigabyte:[OBJECT_B]</span> stuck with loads of Intel chipsets",*Asus* and §Gigabyte$ stuck with loads of Intel chipsets,N,Gigabyte,Asus,FALSE,I bought this first only to return it back to Amazon and replace it with the Sony HX9V which is superior in most aspects.,""
1532676139,0.00,0,true,"",0,,,"",NONE,"",P2442497601,"The companies profiled in this report include AudioCodes Ltd., <span style=""color: #9A14B2; font-weight: bold"">Avaya:[OBJECT_A]</span> Inc., Cisco Systems Inc., GENBAND, Alcatel-Lucent SA, Grandstream Networks, Inc., ADTRAN, Inc., Siemens AG, <span style=""color: #6CB219; font-weight: bold"">Huawei:[OBJECT_B]</span> Technologies Co. Ltd., and ZTE Corporation.","The companies profiled in this report include AudioCodes Ltd., *Avaya* Inc., Cisco Systems Inc., GENBAND, Alcatel-Lucent SA, Grandstream Networks, Inc., ADTRAN, Inc., Siemens AG, §Huawei$ Technologies Co. Ltd., and ZTE Corporation.",N,Avaya,Huawei,FALSE,Asus and Gigabyte stuck with loads of Intel chipsets,""
1532676175,0.00,0,false,"",0,,,"",NONE,"",D461090423,"CEMoD makes it easier than ever for <span style=""color: #9A14B2; font-weight: bold"">Nokia:[OBJECT_A]</span> <span style=""color: #6CB219; font-weight: bold"">Siemens:[OBJECT_B]</span> Networks' customers to manage the end user experience in their mobile networks.",CEMoD makes it easier than ever for *Nokia* §Siemens$ Networks' customers to manage the end user experience in their mobile networks.,N,Nokia,Siemens,TRUE,"Honda, BMW, and Lamborghini will be showcasing in the automotive category, and in publishing, The Saturday Evening Post, Better Homes & Gardens, The New York Times and Conde Nast will all have a place on the show floor.",""
1532677100,0.00,0,false,"",0,,,"",NONE,"",J1444808047,"Its Dragon Drive application has received some solid response and is being used by some top automakers such as Audi, <span style=""color: #9A14B2; font-weight: bold"">BMW:[OBJECT_A]</span>, Chrysler, <span style=""color: #6CB219; font-weight: bold"">Ford:[OBJECT_B]</span>, General Motors, Hyundai, Toyota, etc.","Its Dragon Drive application has received some solid response and is being used by some top automakers such as Audi, *BMW*, Chrysler, §Ford$, General Motors, Hyundai, Toyota, etc.",N,Ford,BMW,TRUE,It could be worse for Microsoft - Apple could be dominating this market.,""
1532677169,0.00,0,false,"",0,,,"",NONE,"",T3149374625,"Where is <span style=""color: #9A14B2; font-weight: bold"">Nokia:[OBJECT_A]</span>, Ericsson, and <span style=""color: #6CB219; font-weight: bold"">Motorola:[OBJECT_B]</span> now?","Where is *Nokia*, Ericsson, and §Motorola$ now?",N,Nokia,Motorola,FALSE,"Not to be confused with the performance of a 911 the Cayenne S fills out my seasonal needs better then the 5 other SUV's I have owned, which include (2) Toyota Land Cruisers, Lexus Lx 470, and (2) BMW X5's.",""
1532677241,0.00,0,false,"",0,,,"",NONE,"",C384482150,"<span style=""color: #9A14B2; font-weight: bold"">Asus:[OBJECT_A]</span>, <span style=""color: #6CB219; font-weight: bold"">Gigabyte:[OBJECT_B]</span> and Tyan are tied for motherboards.","*Asus*, §Gigabyte$ and Tyan are tied for motherboards.",N,Gigabyte,Asus,FALSE,"It's really hard to tell which of the two companies did a better job at recycling designs, Nokia or Samsung.",""
1532677960,0.00,0,true,"",0,,,"",OTHER,Microsoft is not compared to Apple. The situation Microsoft is in is compared to another situation,I1370451449,"It could be worse for <span style=""color: #9A14B2; font-weight: bold"">Microsoft:[OBJECT_A]</span> - <span style=""color: #6CB219; font-weight: bold"">Apple:[OBJECT_B]</span> could be dominating this market.",It could be worse for *Microsoft* - §Apple$ could be dominating this market.,N,Microsoft,Apple,TRUE,"Asus, Shuttle, Intel, Gigabyte?",""
1532678048,0.00,0,false,"",0,,,"",OTHER,"",H1118513915,"If you need more towing capacity, then a <span style=""color: #9A14B2; font-weight: bold"">Ford:[OBJECT_A]</span> Expedition or <span style=""color: #6CB219; font-weight: bold"">Chevrolet:[OBJECT_B]</span> Suburban 2500 will be a better choice, as they can deal with the larger trailers.","If you need more towing capacity, then a *Ford* Expedition or §Chevrolet$ Suburban 2500 will be a better choice, as they can deal with the larger trailers.",O,Ford,Chevrolet,TRUE,"Toyota and Nissan also score poorly, due to poor products and low market share in China.",""
1532678127,1.00,1,false,"",0.0,,,"",NONE,"",I1368223493,"It can easily guarantee a better console from <span style=""color: #9A14B2; font-weight: bold"">Sony:[OBJECT_A]</span> and <span style=""color: #6CB219; font-weight: bold"">Microsoft:[OBJECT_B]</span>.",It can easily guarantee a better console from *Sony* and §Microsoft$.,N,Microsoft,Sony,TRUE,"Every car I've owned, from Ford to Nissan to Honda, has been better than this.",""
1532678155,0.00,0,true,"",0,,,"",NONE,"",J1448325006,"Its flagship brands -- <span style=""color: #9A14B2; font-weight: bold"">Mercedes-Benz:[OBJECT_A]</span>, BMW, <span style=""color: #6CB219; font-weight: bold"">Audi:[OBJECT_B]</span>, and Porsche -- are all enjoying record years and forecasting even better results for 2013.","Its flagship brands -- *Mercedes-Benz*, BMW, §Audi$, and Porsche -- are all enjoying record years and forecasting even better results for 2013.",N,Audi,Mercedes-Benz,TRUE,HP (Hewlett-Packard) ProLiant ML350 G6 5U Tower Server - Intel Xeon E5520 2.26 GHz,""
1532678575,0.00,0,false,"",0,,,"",OTHER,"Apple is not compared to Sony. The sentence says that one could compare Apple better to Sony than Dell, but not that Apple is better or worse than Sony.",B326355656,"<span style=""color: #9A14B2; font-weight: bold"">Apple:[OBJECT_A]</span> is much more of a consumer products company, better compared to <span style=""color: #6CB219; font-weight: bold"">Sony:[OBJECT_B]</span> than Dell.","*Apple* is much more of a consumer products company, better compared to §Sony$ than Dell.",N,Apple,Sony,TRUE,"Its flagship brands -- Mercedes-Benz, BMW, Audi, and Porsche -- are all enjoying record years and forecasting even better results for 2013.",""
1532678764,0.00,0,false,"",0,,,"","OTHER
NONE","",H1217681472,"I'm sure it will be at least a little better than attempts from <span style=""color: #9A14B2; font-weight: bold"">Google:[OBJECT_A]</span>/<span style=""color: #6CB219; font-weight: bold"">Sony:[OBJECT_B]</span>/Panasonic/Sharp/Samsung etc. to build Internet streaming into televisions, and progress is progress.","I'm sure it will be at least a little better than attempts from *Google*/§Sony$/Panasonic/Sharp/Samsung etc. to build Internet streaming into televisions, and progress is progress.",O,Google,Sony,TRUE,"It's delusional to think that making your photographs with a Leica, a Nikon D800000ExS or a Mamiya/Leaf or Hassy or a Fuji x-Pro will make them any better than a decent entry-level dslr or mirrorless camera of almost any description.",""
1532678815,0.00,0,false,"",0,,,"",NONE,"",M2091029663,"<span style=""color: #9A14B2; font-weight: bold"">Renault:[OBJECT_A]</span>, <span style=""color: #6CB219; font-weight: bold"">Ferrari:[OBJECT_B]</span> agree on Fisichella and Schumacher's collision","*Renault*, §Ferrari$ agree on Fisichella and Schumacher's collision",N,Ferrari,Renault,FALSE,Well since i got my new video card (MSI Nvidia Geforce GT 630 2gb) its been easier for me to play Mafia at higher resolutions.,""
1532678904,0.00,0,true,"",0,,,"","OTHER
NONE","",O2322848938,"SunSpider (lower is better): Apple iPhone 5: 911.7 <span style=""color: #9A14B2; font-weight: bold"">Nokia:[OBJECT_A]</span> Lumia 920: 909.1 HTC 8X: 904.7 <span style=""color: #6CB219; font-weight: bold"">Samsung:[OBJECT_B]</span> Galaxy Note II: 1005.4",SunSpider (lower is better): Apple iPhone 5: 911.7 *Nokia* Lumia 920: 909.1 HTC 8X: 904.7 §Samsung$ Galaxy Note II: 1005.4,N,Nokia,Samsung,TRUE,"Some regular, family car ads would be better, with some a bit more luxury-class car commercials being here and there too, something like Huyndai, Audi, Mercedes-Benz, Mitsubishi...",""
1532679044,0.00,0,true,"",0,,,"","OTHER
NONE","",M2012241479,"Plus, the food is being provided courtesy of <span style=""color: #9A14B2; font-weight: bold"">Microsoft:[OBJECT_A]</span>, <span style=""color: #6CB219; font-weight: bold"">Amazon:[OBJECT_B]</span>, and Exact Software--they'll do better than the ""some kind of beef"" served at Bill Murray's summer camp back in 1979.","Plus, the food is being provided courtesy of *Microsoft*, §Amazon$, and Exact Software--they'll do better than the ""some kind of beef"" served at Bill Murray's summer camp back in 1979.",O,Microsoft,Amazon,TRUE,"It offers better road holding than the Honda Accord, Toyota Camry, and Nissan Altima, as well as better transient response in quick lane-change maneuvers.",""
1532679234,0.00,0,false,"",0,,,"",WORSE,"",C350875711,"As author Mike Magrath wrote: ""Whereas the [<span style=""color: #9A14B2; font-weight: bold"">Lexus:[OBJECT_A]</span>] IS 250 turned in decent handling results and then got walked on the road, the <span style=""color: #6CB219; font-weight: bold"">Cadillac:[OBJECT_B]</span> took everything we dared to throw at it regardless of the venue.""","As author Mike Magrath wrote: ""Whereas the [*Lexus*] IS 250 turned in decent handling results and then got walked on the road, the §Cadillac$ took everything we dared to throw at it regardless of the venue.""",W,Cadillac,Lexus,TRUE,"As author Mike Magrath wrote: ""Whereas the [Lexus] IS 250 turned in decent handling results and then got walked on the road, the Cadillac took everything we dared to throw at it regardless of the venue.""",""
1532679400,0.00,0,false,"",0,,,"","OTHER
NONE","",H1084095735,"If Model 3 is directly price competitive with BMW 3 Series, Mercedes C Class, <span style=""color: #9A14B2; font-weight: bold"">Audi:[OBJECT_A]</span> A3/A4, <span style=""color: #6CB219; font-weight: bold"">Lexus:[OBJECT_B]</span> IS 250/350 cars and offers comparable or better performance, we will see the same thing we now see with Model S in 'F' segment.","If Model 3 is directly price competitive with BMW 3 Series, Mercedes C Class, *Audi* A3/A4, §Lexus$ IS 250/350 cars and offers comparable or better performance, we will see the same thing we now see with Model S in 'F' segment.",N,Audi,Lexus,TRUE,"I'm sure it will be at least a little better than attempts from Google/Sony/Panasonic/Sharp/Samsung etc. to build Internet streaming into televisions, and progress is progress.",""
1532679592,0.00,0,false,"",0,,,"",NONE,"",C384531623,"<span style=""color: #9A14B2; font-weight: bold"">Asus:[OBJECT_A]</span>, Shuttle, Intel, <span style=""color: #6CB219; font-weight: bold"">Gigabyte:[OBJECT_B]</span>?","*Asus*, Shuttle, Intel, §Gigabyte$?",N,Gigabyte,Asus,FALSE,Those pain relievers that contain ibuprofen like Motrin and Advil.,""
1532680059,0.00,0,false,"",0,,,"",OTHER,"There is no clear winner in this comparison.
See the instructions for OTHER: ""A and B are compared, but no one is clearly better or worse.""",F824614478,"<span style=""color: #9A14B2; font-weight: bold"">Google:[OBJECT_A]</span> Maps is superior to you, <span style=""color: #6CB219; font-weight: bold"">Apple:[OBJECT_B]</span> Maps is superior to us.","*Google* Maps is superior to you, §Apple$ Maps is superior to us.",N,Apple,Google,TRUE,"Ford Fiesta, VW Voyage and Polo, Fiat Grand Siena, Renault Logan and Chevrolet Cobalt and Prisma all drive better than Versa.",""
1532680543,0.00,0,true,"",0,,,"",OTHER,"There is no clear winner in this comparison.
See the instructions for OTHER: ""A and B are compared, but no one is clearly better or worse.""",K1676087443,"Many people will argue that <span style=""color: #9A14B2; font-weight: bold"">Nike:[OBJECT_A]</span> cleats are the best and others will just say <span style=""color: #6CB219; font-weight: bold"">Adidas:[OBJECT_B]</span> or Pumas are better.",Many people will argue that *Nike* cleats are the best and others will just say §Adidas$ or Pumas are better.,N,Nike,Adidas,TRUE,"Chevrolet and Ford are selling better in the U.S.o The ""Toyota takeover"" is not assured.o",""
