,_golden,_last_judgment_at,_trusted_judgments,_unit_id,_unit_state,a,also_acceptable,b,expected_label,gold_label,id,label,label:confidence,label_gold,marker,raw_text,text_html,text_readable,type
61,False,1/11/2018 12:32:12,3,1534176891,finalized,Java,,Perl,O,,D496067859,NONE,1.0,,True,"CODE:NEO can enhance existing Java, Perl, or ASP programs to execute and run at least ten times faster on a web server.","CODE:NEO can enhance existing <span style=""color: #9A14B2; font-weight: bold"">Java:[OBJECT_A]</span>, <span style=""color: #6CB219; font-weight: bold"">Perl:[OBJECT_B]</span>, or ASP programs to execute and run at least ten times faster on a web server.","CODE:NEO can enhance existing *Java*, §Perl$, or ASP programs to execute and run at least ten times faster on a web server.",compsci
265,False,1/5/2018 17:13:13,3,1532714646,finalized,Apple,,Intel,,,H1090988088,NONE,1.0,,True,"If so, should the Intel/Apple deal come to pass, ARMH will disappear off most radars faster than Amelia Earhart.","If so, should the <span style=""color: #9A14B2; font-weight: bold"">Intel:[OBJECT_A]</span>/<span style=""color: #6CB219; font-weight: bold"">Apple:[OBJECT_B]</span> deal come to pass, ARMH will disappear off most radars faster than Amelia Earhart.","If so, should the *Intel*/§Apple$ deal come to pass, ARMH will disappear off most radars faster than Amelia Earhart.",brands
85,False,1/5/2018 17:16:22,3,1532714464,finalized,Audi,,Mercedes-Benz,N,,F805681087,NONE,1.0,,True,"Germany's BMW, Mercedes-Benz and Audi (along with its corporate cousin, Porsche) are pouring billions of dollars into developing new vehicles, placing an emphasis on their factories in the United States and Mexico, where production is cheaper and easier to modify than at tradition-laden plants back home.","Germany's BMW, <span style=""color: #9A14B2; font-weight: bold"">Mercedes-Benz:[OBJECT_A]</span> and <span style=""color: #6CB219; font-weight: bold"">Audi:[OBJECT_B]</span> (along with its corporate cousin, Porsche) are pouring billions of dollars into developing new vehicles, placing an emphasis on their factories in the United States and Mexico, where production is cheaper and easier to modify than at tradition-laden plants back home.","Germany's BMW, *Mercedes-Benz* and §Audi$ (along with its corporate cousin, Porsche) are pouring billions of dollars into developing new vehicles, placing an emphasis on their factories in the United States and Mexico, where production is cheaper and easier to modify than at tradition-laden plants back home.",brands
52,False,1/5/2018 14:31:15,3,1530057578,finalized,Google,,Kingston,N,,N2223136920,NONE,1.0,,False,small Google satellite map of N. Kingston/quon Airport link,"small <span style=""color: #9A14B2; font-weight: bold"">Google:[OBJECT_A]</span> satellite map of N. <span style=""color: #6CB219; font-weight: bold"">Kingston:[OBJECT_B]</span>/quon Airport link",small *Google* satellite map of N. §Kingston$/quon Airport link,brands
112,False,1/5/2018 17:15:52,3,1532714491,finalized,Microsoft,,Apple,B,,J1493835291,BETTER,1.0,,True,I understand that Apple is a lot safer than Microsoft,"I understand that <span style=""color: #9A14B2; font-weight: bold"">Apple:[OBJECT_A]</span> is a lot safer than <span style=""color: #6CB219; font-weight: bold"">Microsoft:[OBJECT_B]</span>",I understand that *Apple* is a lot safer than §Microsoft$,brands
58,False,1/5/2018 17:23:07,3,1532714437,finalized,IBM,,Dell,N,,J1458666044,NONE,1.0,,True,"It's not just SUSE saying that, but partners like HP, Dell, IBM and Red Hat are all pitching in to make OpenStack a solid cloud computing offering.","It's not just SUSE saying that, but partners like HP, <span style=""color: #9A14B2; font-weight: bold"">Dell:[OBJECT_A]</span>, <span style=""color: #6CB219; font-weight: bold"">IBM:[OBJECT_B]</span> and Red Hat are all pitching in to make OpenStack a solid cloud computing offering.","It's not just SUSE saying that, but partners like HP, *Dell*, §IBM$ and Red Hat are all pitching in to make OpenStack a solid cloud computing offering.",brands
193,False,1/5/2018 17:21:21,3,1532714573,finalized,Nokia,,Samsung,,,Q2774781556,NONE,1.0,,True,"They based their concerns partly on price cuts for Windows Phone 8 smartphones made by Nokia, Samsung and others, and slower than expected sales of such devices.","They based their concerns partly on price cuts for Windows Phone 8 smartphones made by <span style=""color: #9A14B2; font-weight: bold"">Nokia:[OBJECT_A]</span>, <span style=""color: #6CB219; font-weight: bold"">Samsung:[OBJECT_B]</span> and others, and slower than expected sales of such devices.","They based their concerns partly on price cuts for Windows Phone 8 smartphones made by *Nokia*, §Samsung$ and others, and slower than expected sales of such devices.",brands
125,False,1/11/2018 17:41:46,3,1534176956,finalized,Ethernet,,Bluetooth,N,,F757584085,NONE,1.0,,True,"For red-eye flights, there's a light at the top of the screen bezel which illuminates the keyboard nicely, and Bluetooth, wireless-n and Gigabit Ethernet will keep you connected at decent speed wherever you find yourself.","For red-eye flights, there's a light at the top of the screen bezel which illuminates the keyboard nicely, and <span style=""color: #9A14B2; font-weight: bold"">Bluetooth:[OBJECT_A]</span>, wireless-n and Gigabit <span style=""color: #6CB219; font-weight: bold"">Ethernet:[OBJECT_B]</span> will keep you connected at decent speed wherever you find yourself.","For red-eye flights, there's a light at the top of the screen bezel which illuminates the keyboard nicely, and *Bluetooth*, wireless-n and Gigabit §Ethernet$ will keep you connected at decent speed wherever you find yourself.",compsci
404,False,1/12/2018 18:16:12,3,1543286918,finalized,psp,,ps3,,,S3013663049,NONE,0.6642,,True,"Want: A better computer, a ps3 and a new psp.","Want: A better computer, a <span style=""color: #9A14B2; font-weight: bold"">ps3:[OBJECT_A]</span> and a new <span style=""color: #6CB219; font-weight: bold"">psp:[OBJECT_B]</span>.","Want: A better computer, a *ps3* and a new §psp$.",jbt
279,False,1/11/2018 19:27:01,3,1534177111,finalized,PHP,,JavaScript,,,J1452055259,NONE,1.0,,True,It shows how JavaScript and PHP can be used in tandem to make a user's experience faster and more pleasant.,"It shows how <span style=""color: #9A14B2; font-weight: bold"">JavaScript:[OBJECT_A]</span> and <span style=""color: #6CB219; font-weight: bold"">PHP:[OBJECT_B]</span> can be used in tandem to make a user's experience faster and more pleasant.",It shows how *JavaScript* and §PHP$ can be used in tandem to make a user's experience faster and more pleasant.,compsci
85,False,1/5/2018 14:25:24,4,1530057611,finalized,Intel,,Kingston,N,,I1295260202,NONE,0.7321,,True,Intel Core2Duo E7600 3.06GHz 1066MHz (3MB L2) Gigabyte GA-EP45-UD3R Kingston 2GB DDR2 800MHz x2 Western Digital Caviar Blue 500GB Sapphire ATI Radeon HD5770 1GB GDDR5 128bit LG GH24NS50 DVDRW Sata24x Cooler Master [...],"<span style=""color: #9A14B2; font-weight: bold"">Intel:[OBJECT_A]</span> Core2Duo E7600 3.06GHz 1066MHz (3MB L2) Gigabyte GA-EP45-UD3R <span style=""color: #6CB219; font-weight: bold"">Kingston:[OBJECT_B]</span> 2GB DDR2 800MHz x2 Western Digital Caviar Blue 500GB Sapphire ATI Radeon HD5770 1GB GDDR5 128bit LG GH24NS50 DVDRW Sata24x Cooler Master [...]",*Intel* Core2Duo E7600 3.06GHz 1066MHz (3MB L2) Gigabyte GA-EP45-UD3R §Kingston$ 2GB DDR2 800MHz x2 Western Digital Caviar Blue 500GB Sapphire ATI Radeon HD5770 1GB GDDR5 128bit LG GH24NS50 DVDRW Sata24x Cooler Master [...],brands
193,False,1/12/2018 14:57:17,3,1543286703,finalized,bread,,steak,,N,E723019506,WORSE,0.6901,,True,"First nite enjoyed with grilled porterhouse steak, 2nd nite (it tasted even better) with salad, candied carrots and crusty bread!","First nite enjoyed with grilled porterhouse <span style=""color: #9A14B2; font-weight: bold"">steak:[OBJECT_A]</span>, 2nd nite (it tasted even better) with salad, candied carrots and crusty <span style=""color: #6CB219; font-weight: bold"">bread:[OBJECT_B]</span>!","First nite enjoyed with grilled porterhouse *steak*, 2nd nite (it tasted even better) with salad, candied carrots and crusty §bread$!",jbt
263,False,1/12/2018 18:46:54,3,1543286773,finalized,chocolate,,soda,,,J1563979509,BETTER,1.0,,True,"Juice, glucose tablets, sports drinks, even soda, is better than chocolate.","Juice, glucose tablets, sports drinks, even <span style=""color: #9A14B2; font-weight: bold"">soda:[OBJECT_A]</span>, is better than <span style=""color: #6CB219; font-weight: bold"">chocolate:[OBJECT_B]</span>.","Juice, glucose tablets, sports drinks, even *soda*, is better than §chocolate$.",jbt
19,False,1/12/2018 14:53:12,3,1543286527,finalized,sandwich,N,sausage,,O,P2533877672,NONE,0.618,,True,The Jimmy Dean sandwich had far better sausage.,"The Jimmy Dean <span style=""color: #9A14B2; font-weight: bold"">sandwich:[OBJECT_A]</span> had far better <span style=""color: #6CB219; font-weight: bold"">sausage:[OBJECT_B]</span>.",The Jimmy Dean *sandwich* had far better §sausage$.,jbt
243,False,1/11/2018 19:30:30,3,1534177075,finalized,MySQL,,PostgreSQL,B,,B193494642,BETTER,1.0,,True,Allen downloaded the free versions of both databases and found MySQL 4 easier to use than PostgreSQL.,"Allen downloaded the free versions of both databases and found <span style=""color: #9A14B2; font-weight: bold"">MySQL:[OBJECT_A]</span> 4 easier to use than <span style=""color: #6CB219; font-weight: bold"">PostgreSQL:[OBJECT_B]</span>.",Allen downloaded the free versions of both databases and found *MySQL* 4 easier to use than §PostgreSQL$.,compsci
88,False,1/12/2018 14:55:14,3,1543286596,finalized,knife,,pistol,,N,K1666840077,NONE,1.0,,True,make sure you have a decent toy knife and a 45. pistol.,"make sure you have a decent toy <span style=""color: #9A14B2; font-weight: bold"">knife:[OBJECT_A]</span> and a 45. <span style=""color: #6CB219; font-weight: bold"">pistol:[OBJECT_B]</span>.",make sure you have a decent toy *knife* and a 45. §pistol$.,jbt
418,False,1/11/2018 20:01:41,3,1534177254,finalized,Sed,,AWK,,,C361892839,NONE,1.0,,True,"As I looked up from the monitor to think about better approaches, my eyes drifted over the bookshelf and alighted on an old copy of Sed & AWK by Dougherty & Robbins.","As I looked up from the monitor to think about better approaches, my eyes drifted over the bookshelf and alighted on an old copy of <span style=""color: #9A14B2; font-weight: bold"">Sed:[OBJECT_A]</span> & <span style=""color: #6CB219; font-weight: bold"">AWK:[OBJECT_B]</span> by Dougherty & Robbins.","As I looked up from the monitor to think about better approaches, my eyes drifted over the bookshelf and alighted on an old copy of *Sed* & §AWK$ by Dougherty & Robbins.",compsci
69,False,1/12/2018 14:54:21,3,1543286577,finalized,knife,,pistol,,N,M1956814205,NONE,1.0,,True,"Overall...can't beat the storage area size....can easily stay overnight with it by adding small tent, soft sided cooler, tarp, small rifle/pistol/ammo, large bow saw, poly rope, water, compact first aid kit , hunting knife, etc..","Overall...can't beat the storage area size....can easily stay overnight with it by adding small tent, soft sided cooler, tarp, small rifle/<span style=""color: #9A14B2; font-weight: bold"">pistol:[OBJECT_A]</span>/ammo, large bow saw, poly rope, water, compact first aid kit , hunting <span style=""color: #6CB219; font-weight: bold"">knife:[OBJECT_B]</span>, etc..","Overall...can't beat the storage area size....can easily stay overnight with it by adding small tent, soft sided cooler, tarp, small rifle/*pistol*/ammo, large bow saw, poly rope, water, compact first aid kit , hunting §knife$, etc..",jbt
330,False,1/11/2018 19:21:49,3,1534177166,finalized,Python,,Perl,,,T3156232225,NONE,1.0,,True,"Which works better and is easy to learn - PHP, Python, PHP and Perl, or a combination?","Which works better and is easy to learn - PHP, <span style=""color: #9A14B2; font-weight: bold"">Python:[OBJECT_A]</span>, PHP and <span style=""color: #6CB219; font-weight: bold"">Perl:[OBJECT_B]</span>, or a combination?","Which works better and is easy to learn - PHP, *Python*, PHP and §Perl$, or a combination?",compsci
39,False,1/11/2018 12:40:48,3,1534176869,finalized,MySQL,,SQLite,O,,B305352903,NONE,0.6719,,True,"Another db, SQLite or MySQL (that are faster and lighter with simple db structures) used to store just the documents ID and timestamps.","Another db, <span style=""color: #9A14B2; font-weight: bold"">SQLite:[OBJECT_A]</span> or <span style=""color: #6CB219; font-weight: bold"">MySQL:[OBJECT_B]</span> (that are faster and lighter with simple db structures) used to store just the documents ID and timestamps.","Another db, *SQLite* or §MySQL$ (that are faster and lighter with simple db structures) used to store just the documents ID and timestamps.",compsci
114,False,1/12/2018 15:49:32,3,1543286624,finalized,bread,,sausage,,N,S3038944787,NONE,0.6834,,True,"We decided on a delicious hot meal of sausage and peppers,fresh ciabatta bread,and what warms better than a glass of vino!","We decided on a delicious hot meal of <span style=""color: #9A14B2; font-weight: bold"">sausage:[OBJECT_A]</span> and peppers,fresh ciabatta <span style=""color: #6CB219; font-weight: bold"">bread:[OBJECT_B]</span>,and what warms better than a glass of vino!","We decided on a delicious hot meal of *sausage* and peppers,fresh ciabatta §bread$,and what warms better than a glass of vino!",jbt
188,False,1/12/2018 15:29:43,3,1543286698,finalized,football,,golf,,N,Q2726796807,NONE,1.0,,True,"The subject could be football, golf, bocce ball, snake charming, lizard racing""weirder was always better...","The subject could be <span style=""color: #9A14B2; font-weight: bold"">football:[OBJECT_A]</span>, <span style=""color: #6CB219; font-weight: bold"">golf:[OBJECT_B]</span>, bocce ball, snake charming, lizard racing""weirder was always better...","The subject could be *football*, §golf$, bocce ball, snake charming, lizard racing""weirder was always better...",jbt
172,False,1/11/2018 17:45:52,3,1534177003,finalized,Java,,Groovy,N,,P2576169638,BETTER,0.67,,True,"The new version of the Groovy programming language aims to make life easier for programmers who work with Java and SQL, the language's developers note.","The new version of the <span style=""color: #9A14B2; font-weight: bold"">Groovy:[OBJECT_A]</span> programming language aims to make life easier for programmers who work with <span style=""color: #6CB219; font-weight: bold"">Java:[OBJECT_B]</span> and SQL, the language's developers note.","The new version of the *Groovy* programming language aims to make life easier for programmers who work with §Java$ and SQL, the language's developers note.",compsci
116,False,1/12/2018 15:49:32,3,1543286626,finalized,pizza,,steak,,N,P2496249448,NONE,1.0,,True,"The food is decent, offering the usual chicken, steak and seafood dishes, along with pizza.","The food is decent, offering the usual chicken, <span style=""color: #9A14B2; font-weight: bold"">steak:[OBJECT_A]</span> and seafood dishes, along with <span style=""color: #6CB219; font-weight: bold"">pizza:[OBJECT_B]</span>.","The food is decent, offering the usual chicken, *steak* and seafood dishes, along with §pizza$.",jbt
94,False,1/5/2018 17:15:26,3,1532714473,finalized,Honda,,Nissan,N,,G959052175,NONE,1.0,,False,Honda purchased rights from Nissan.,"<span style=""color: #9A14B2; font-weight: bold"">Honda:[OBJECT_A]</span> purchased rights from <span style=""color: #6CB219; font-weight: bold"">Nissan:[OBJECT_B]</span>.",*Honda* purchased rights from §Nissan$.,brands
455,False,1/12/2018 18:14:18,3,1543286969,finalized,wedding,,birthday,,,S3114288029,NONE,1.0,,True,":) what's better than celebrating your birthday at a wedding, in an Indian temple!?",":) what's better than celebrating your <span style=""color: #9A14B2; font-weight: bold"">birthday:[OBJECT_A]</span> at a <span style=""color: #6CB219; font-weight: bold"">wedding:[OBJECT_B]</span>, in an Indian temple!?",":) what's better than celebrating your *birthday* at a §wedding$, in an Indian temple!?",jbt
406,False,1/12/2018 18:12:39,3,1543286920,finalized,mouse,,rat,,,B239427652,NONE,1.0,,True,A Much Easier Solution for mouse and rat Elimination,"A Much Easier Solution for <span style=""color: #9A14B2; font-weight: bold"">mouse:[OBJECT_A]</span> and <span style=""color: #6CB219; font-weight: bold"">rat:[OBJECT_B]</span> Elimination",A Much Easier Solution for *mouse* and §rat$ Elimination,jbt
326,False,1/5/2018 17:18:37,3,1532714708,finalized,Apple,,Sony,,,J1465658981,NONE,1.0,,True,"It's still inferior to Sony, Microsoft and Apple.","It's still inferior to <span style=""color: #9A14B2; font-weight: bold"">Sony:[OBJECT_A]</span>, Microsoft and <span style=""color: #6CB219; font-weight: bold"">Apple:[OBJECT_B]</span>.","It's still inferior to *Sony*, Microsoft and §Apple$.",brands
214,False,1/12/2018 18:45:05,3,1543286724,finalized,california,,michigan,,B,I1325974486,BETTER,0.6535,,True,I once read that convertibles sold better in michigan than california.,"I once read that convertibles sold better in <span style=""color: #9A14B2; font-weight: bold"">michigan:[OBJECT_A]</span> than <span style=""color: #6CB219; font-weight: bold"">california:[OBJECT_B]</span>.",I once read that convertibles sold better in *michigan* than §california$.,jbt
189,False,1/11/2018 17:39:12,3,1534177020,finalized,Oracle,,MySQL,N,,L1777202670,NONE,1.0,,False,MySQL with Oracle.,"<span style=""color: #9A14B2; font-weight: bold"">MySQL:[OBJECT_A]</span> with <span style=""color: #6CB219; font-weight: bold"">Oracle:[OBJECT_B]</span>.",*MySQL* with §Oracle$.,compsci
359,False,1/12/2018 17:20:23,3,1543286870,finalized,carolina,,michigan,,,C365325855,NONE,1.0,,True,"As Jadeveon Clowney showed with ""The Hit"" during the michigan-South carolina bowl game, you don't want to give superior defenders any reason to get more fired up.","As Jadeveon Clowney showed with ""The Hit"" during the <span style=""color: #9A14B2; font-weight: bold"">michigan:[OBJECT_A]</span>-South <span style=""color: #6CB219; font-weight: bold"">carolina:[OBJECT_B]</span> bowl game, you don't want to give superior defenders any reason to get more fired up.","As Jadeveon Clowney showed with ""The Hit"" during the *michigan*-South §carolina$ bowl game, you don't want to give superior defenders any reason to get more fired up.",jbt
270,False,1/5/2018 17:29:37,3,1532714651,finalized,Microsoft,,Dell,,,E563969941,NONE,0.6958,,True,"Dell chose to base vWorkspace on Microsoft Hyper-V rather than on a VMware hypervisor because Hyper-V allowed for a better virtual machine density, the vendor said.","<span style=""color: #9A14B2; font-weight: bold"">Dell:[OBJECT_A]</span> chose to base vWorkspace on <span style=""color: #6CB219; font-weight: bold"">Microsoft:[OBJECT_B]</span> Hyper-V rather than on a VMware hypervisor because Hyper-V allowed for a better virtual machine density, the vendor said.","*Dell* chose to base vWorkspace on §Microsoft$ Hyper-V rather than on a VMware hypervisor because Hyper-V allowed for a better virtual machine density, the vendor said.",brands
262,False,1/5/2018 17:13:13,3,1532714643,finalized,Nissan,,Renault,,,E716457700,NONE,1.0,,True,"Finally, the show will highlight concepts such as Better Place, which has teamed up with Renault-Nissan to propose an electric vehicle with replaceable battery packs, cutting the often extended periods required to recharge EVs.","Finally, the show will highlight concepts such as Better Place, which has teamed up with <span style=""color: #9A14B2; font-weight: bold"">Renault:[OBJECT_A]</span>-<span style=""color: #6CB219; font-weight: bold"">Nissan:[OBJECT_B]</span> to propose an electric vehicle with replaceable battery packs, cutting the often extended periods required to recharge EVs.","Finally, the show will highlight concepts such as Better Place, which has teamed up with *Renault*-§Nissan$ to propose an electric vehicle with replaceable battery packs, cutting the often extended periods required to recharge EVs.",brands
493,False,1/11/2018 19:32:25,3,1534177329,finalized,PHP,,JavaScript,,,L1850560903,NONE,0.6679999999999999,,True,"Now that PHP is available on Columbia University servers, we will most likely rewrite this JavaScript application in our LAMP environment to provide better accessibility compliance and faster, easier searching.","Now that <span style=""color: #9A14B2; font-weight: bold"">PHP:[OBJECT_A]</span> is available on Columbia University servers, we will most likely rewrite this <span style=""color: #6CB219; font-weight: bold"">JavaScript:[OBJECT_B]</span> application in our LAMP environment to provide better accessibility compliance and faster, easier searching.","Now that *PHP* is available on Columbia University servers, we will most likely rewrite this §JavaScript$ application in our LAMP environment to provide better accessibility compliance and faster, easier searching.",compsci
327,False,1/11/2018 19:21:49,3,1534177163,finalized,Eclipse,,NetBeans,,,G1039752932,NONE,1.0,,False,"IDEA, Eclipse and NetBeans come to mind)","IDEA, <span style=""color: #9A14B2; font-weight: bold"">Eclipse:[OBJECT_A]</span> and <span style=""color: #6CB219; font-weight: bold"">NetBeans:[OBJECT_B]</span> come to mind)","IDEA, *Eclipse* and §NetBeans$ come to mind)",compsci
485,False,1/12/2018 18:12:39,3,1543286999,finalized,playstation,,wii,,,N2262638314,BETTER,1.0,,True,Sony: playstation 3 is a Better Value than XBox 360 or wii,"Sony: <span style=""color: #9A14B2; font-weight: bold"">playstation:[OBJECT_A]</span> 3 is a Better Value than XBox 360 or <span style=""color: #6CB219; font-weight: bold"">wii:[OBJECT_B]</span>",Sony: *playstation* 3 is a Better Value than XBox 360 or §wii$,jbt
49,False,1/5/2018 14:50:10,3,1530057575,finalized,Samsung,,AMD,N,,B232382086,NONE,1.0,,True,"AMD Phenom II X2 955 Processor 3.2 GB 700W PSU (Cooler Master) 8 GB DDR2 RAM 24"" Samsung Monitor 1920 x 1200 Windows 7 64bit","<span style=""color: #9A14B2; font-weight: bold"">AMD:[OBJECT_A]</span> Phenom II X2 955 Processor 3.2 GB 700W PSU (Cooler Master) 8 GB DDR2 RAM 24"" <span style=""color: #6CB219; font-weight: bold"">Samsung:[OBJECT_B]</span> Monitor 1920 x 1200 Windows 7 64bit","*AMD* Phenom II X2 955 Processor 3.2 GB 700W PSU (Cooler Master) 8 GB DDR2 RAM 24"" §Samsung$ Monitor 1920 x 1200 Windows 7 64bit",brands
57,False,1/5/2018 17:14:08,3,1532714436,finalized,Gigabyte,,Asus,N,,L1857343650,NONE,1.0,,False,"NVIDIA GeForce GTX 550 Ti Roundup: Asus, EVGA, Gigabyte & MSI","NVIDIA GeForce GTX 550 Ti Roundup: <span style=""color: #9A14B2; font-weight: bold"">Asus:[OBJECT_A]</span>, EVGA, <span style=""color: #6CB219; font-weight: bold"">Gigabyte:[OBJECT_B]</span> & MSI","NVIDIA GeForce GTX 550 Ti Roundup: *Asus*, EVGA, §Gigabyte$ & MSI",brands
100,False,,2,1530057993,canceled,Ford,,Honda,,,J1527124919,BETTER,1.0,,True,"I will say that after 114,000 miles and six years, Honda quality does not impress me as being any better than Ford quality or GM quality.","I will say that after 114,000 miles and six years, <span style=""color: #9A14B2; font-weight: bold"">Honda:[OBJECT_A]</span> quality does not impress me as being any better than <span style=""color: #6CB219; font-weight: bold"">Ford:[OBJECT_B]</span> quality or GM quality.","I will say that after 114,000 miles and six years, *Honda* quality does not impress me as being any better than §Ford$ quality or GM quality.",brands
314,False,1/11/2018 19:23:14,3,1534177150,finalized,Eclipse,,NetBeans,,,J1545005067,NONE,1.0,,False,JavaFX development with NetBeans and Eclipse,"JavaFX development with <span style=""color: #9A14B2; font-weight: bold"">NetBeans:[OBJECT_A]</span> and <span style=""color: #6CB219; font-weight: bold"">Eclipse:[OBJECT_B]</span>",JavaFX development with *NetBeans* and §Eclipse$,compsci
93,False,1/5/2018 17:22:23,3,1532714472,finalized,Honda,,Nissan,N,,N2129537427,NONE,1.0,,False,Same for Honda and Nissan I think.,"Same for <span style=""color: #9A14B2; font-weight: bold"">Honda:[OBJECT_A]</span> and <span style=""color: #6CB219; font-weight: bold"">Nissan:[OBJECT_B]</span> I think.",Same for *Honda* and §Nissan$ I think.,brands
280,False,1/12/2018 16:46:17,3,1543286790,finalized,mobile,,laptop,,,N2252188811,BETTER,0.6513,,True,(Some older desktop/laptop browser versions may also work better with the direct mobile Zimbra link.),"(Some older desktop/<span style=""color: #9A14B2; font-weight: bold"">laptop:[OBJECT_A]</span> browser versions may also work better with the direct <span style=""color: #6CB219; font-weight: bold"">mobile:[OBJECT_B]</span> Zimbra link.)",(Some older desktop/*laptop* browser versions may also work better with the direct §mobile$ Zimbra link.),jbt
4,False,1/11/2018 12:35:00,3,1534176834,finalized,Java,,Perl,W,,M1988300932,WORSE,1.0,,True,Perl has a large user base but it is still easier to find candidates that already know industrial C++ or Java.,"<span style=""color: #9A14B2; font-weight: bold"">Perl:[OBJECT_A]</span> has a large user base but it is still easier to find candidates that already know industrial C++ or <span style=""color: #6CB219; font-weight: bold"">Java:[OBJECT_B]</span>.",*Perl* has a large user base but it is still easier to find candidates that already know industrial C++ or §Java$.,compsci
272,False,1/5/2018 17:16:38,3,1532714653,finalized,Nikon,,Leica,,,L1805222158,BETTER,1.0,,True,"Nikon, zeiss or schneider industrial optic but even quite often mainstream optic is able to beat most what Leica produces and for even better price.","<span style=""color: #9A14B2; font-weight: bold"">Nikon:[OBJECT_A]</span>, zeiss or schneider industrial optic but even quite often mainstream optic is able to beat most what <span style=""color: #6CB219; font-weight: bold"">Leica:[OBJECT_B]</span> produces and for even better price.","*Nikon*, zeiss or schneider industrial optic but even quite often mainstream optic is able to beat most what §Leica$ produces and for even better price.",brands
20,False,1/5/2018 17:12:03,3,1532714398,finalized,Sony,,Intel,N,,D455085008,NONE,1.0,,True,- CASE: Cooler Master CSX Blue Flame - PROCESSOR: Intel® Core i7-2600K - MOBO: Gigabyte GA-Z6X-UD4-B3 - GPU: GTX680 - RAMS: Corsair Domnator 8GB (4 x 2 GB) 2000 MHz Quad Channel DDR3 - HDD: 256 GB SSD - OPTICAL: Sony optiarc AD-7670S,"- CASE: Cooler Master CSX Blue Flame - PROCESSOR: <span style=""color: #9A14B2; font-weight: bold"">Intel:[OBJECT_A]</span>® Core i7-2600K - MOBO: Gigabyte GA-Z6X-UD4-B3 - GPU: GTX680 - RAMS: Corsair Domnator 8GB (4 x 2 GB) 2000 MHz Quad Channel DDR3 - HDD: 256 GB SSD - OPTICAL: <span style=""color: #6CB219; font-weight: bold"">Sony:[OBJECT_B]</span> optiarc AD-7670S",- CASE: Cooler Master CSX Blue Flame - PROCESSOR: *Intel*® Core i7-2600K - MOBO: Gigabyte GA-Z6X-UD4-B3 - GPU: GTX680 - RAMS: Corsair Domnator 8GB (4 x 2 GB) 2000 MHz Quad Channel DDR3 - HDD: 256 GB SSD - OPTICAL: §Sony$ optiarc AD-7670S,brands
171,False,1/12/2018 14:53:44,3,1543286681,finalized,juice,,cider,,N,J1430880465,NONE,1.0,,True,I tried drinking apple cider vinegar with apple juice for about a week and felt MUCH better.,"I tried drinking apple <span style=""color: #9A14B2; font-weight: bold"">cider:[OBJECT_A]</span> vinegar with apple <span style=""color: #6CB219; font-weight: bold"">juice:[OBJECT_B]</span> for about a week and felt MUCH better.",I tried drinking apple *cider* vinegar with apple §juice$ for about a week and felt MUCH better.,jbt
252,False,1/5/2018 17:18:31,3,1532714633,finalized,Nike,,Adidas,,,G1055248150,NONE,0.6918,,True,i dont like the 130 dollar price tag of the Adidas and Nike shoes but if they are far superior ill pick either of those.,"i dont like the 130 dollar price tag of the <span style=""color: #9A14B2; font-weight: bold"">Adidas:[OBJECT_A]</span> and <span style=""color: #6CB219; font-weight: bold"">Nike:[OBJECT_B]</span> shoes but if they are far superior ill pick either of those.",i dont like the 130 dollar price tag of the *Adidas* and §Nike$ shoes but if they are far superior ill pick either of those.,brands
14,False,1/12/2018 13:37:42,4,1543286522,finalized,carolina,,michigan,,W,S2972495180,NONE,1.0,,True,"Unless KU plays a lot better, I don't think they will handle North carolina, and certainly not michigan.","Unless KU plays a lot better, I don't think they will handle North <span style=""color: #9A14B2; font-weight: bold"">carolina:[OBJECT_A]</span>, and certainly not <span style=""color: #6CB219; font-weight: bold"">michigan:[OBJECT_B]</span>.","Unless KU plays a lot better, I don't think they will handle North *carolina*, and certainly not §michigan$.",jbt
33,False,1/11/2018 12:43:40,3,1534176863,finalized,Java,,Python,O,,J1444918727,NONE,0.6723,,True,"It's easier to learn than C, Python, Java, and most other programming languages used in web development, for that matter.","It's easier to learn than C, <span style=""color: #9A14B2; font-weight: bold"">Python:[OBJECT_A]</span>, <span style=""color: #6CB219; font-weight: bold"">Java:[OBJECT_B]</span>, and most other programming languages used in web development, for that matter.","It's easier to learn than C, *Python*, §Java$, and most other programming languages used in web development, for that matter.",compsci
99,False,1/5/2018 14:23:38,3,1530057627,finalized,Sony,,Dell,N,,L1839003227,OTHER,0.6496,,True,"Not to be outdone by laptop rival Sony, Dell yesterday announced the availability of SSD (solid-state drive) technology for its Latitude D420 and D620 notebooks.","Not to be outdone by laptop rival <span style=""color: #9A14B2; font-weight: bold"">Sony:[OBJECT_A]</span>, <span style=""color: #6CB219; font-weight: bold"">Dell:[OBJECT_B]</span> yesterday announced the availability of SSD (solid-state drive) technology for its Latitude D420 and D620 notebooks.","Not to be outdone by laptop rival *Sony*, §Dell$ yesterday announced the availability of SSD (solid-state drive) technology for its Latitude D420 and D620 notebooks.",brands
327,False,1/5/2018 17:22:36,4,1532714709,finalized,Honda,,BMW,,,O2419633768,OTHER,1.0,,True,"The BMW and Honda both hold more than a 20-hp advantage, and run the quarter-mile better than the Kawi's 10.81 @ 129.6 mph byline, but the Kwakker just plain feels the rowdiest, most virile bike of the bunch.","The <span style=""color: #9A14B2; font-weight: bold"">BMW:[OBJECT_A]</span> and <span style=""color: #6CB219; font-weight: bold"">Honda:[OBJECT_B]</span> both hold more than a 20-hp advantage, and run the quarter-mile better than the Kawi's 10.81 @ 129.6 mph byline, but the Kwakker just plain feels the rowdiest, most virile bike of the bunch.","The *BMW* and §Honda$ both hold more than a 20-hp advantage, and run the quarter-mile better than the Kawi's 10.81 @ 129.6 mph byline, but the Kwakker just plain feels the rowdiest, most virile bike of the bunch.",brands
60,False,1/12/2018 13:38:27,3,1543286568,finalized,playstation,,gamecube,,N,T3217966342,NONE,1.0,,False,"XBox, playstation 2, gamecube Publisher: Acclaim Entertainment","XBox, <span style=""color: #9A14B2; font-weight: bold"">playstation:[OBJECT_A]</span> 2, <span style=""color: #6CB219; font-weight: bold"">gamecube:[OBJECT_B]</span> Publisher: Acclaim Entertainment","XBox, *playstation* 2, §gamecube$ Publisher: Acclaim Entertainment",jbt
142,False,1/5/2018 17:12:40,3,1532714521,finalized,Microsoft,,Apple,B,,E716131739,BETTER,1.0,,True,"Finally, the concept was perfected by Apple - and later poorly copied by Microsoft.","Finally, the concept was perfected by <span style=""color: #9A14B2; font-weight: bold"">Apple:[OBJECT_A]</span> - and later poorly copied by <span style=""color: #6CB219; font-weight: bold"">Microsoft:[OBJECT_B]</span>.","Finally, the concept was perfected by *Apple* - and later poorly copied by §Microsoft$.",brands
86,False,1/5/2018 17:12:10,3,1532714465,finalized,Gigabyte,,Asus,N,,H1206148406,NONE,1.0,,False,(I'm looking at you Gigabyte and Asus),"(I'm looking at you <span style=""color: #9A14B2; font-weight: bold"">Gigabyte:[OBJECT_A]</span> and <span style=""color: #6CB219; font-weight: bold"">Asus:[OBJECT_B]</span>)",(I'm looking at you *Gigabyte* and §Asus$),brands
411,False,1/11/2018 19:30:56,4,1534177247,finalized,Eclipse,,NetBeans,,,L1829817867,NONE,1.0,,False,Not everybody uses NetBeans or Eclipse.,"Not everybody uses <span style=""color: #9A14B2; font-weight: bold"">NetBeans:[OBJECT_A]</span> or <span style=""color: #6CB219; font-weight: bold"">Eclipse:[OBJECT_B]</span>.",Not everybody uses *NetBeans* or §Eclipse$.,compsci
475,False,1/12/2018 18:16:40,3,1543286989,finalized,virginia,,pennsylvania,,,S3005026451,NONE,1.0,,False,virginia and pennsylvania,"<span style=""color: #9A14B2; font-weight: bold"">virginia:[OBJECT_A]</span> and <span style=""color: #6CB219; font-weight: bold"">pennsylvania:[OBJECT_B]</span>",*virginia* and §pennsylvania$,jbt
247,False,1/5/2018 17:17:26,3,1532714628,finalized,Nike,,Adidas,,,N2260454391,OTHER,0.6699,,True,So much better than the recent Adidas templates and the Nike templates.,"So much better than the recent <span style=""color: #9A14B2; font-weight: bold"">Adidas:[OBJECT_A]</span> templates and the <span style=""color: #6CB219; font-weight: bold"">Nike:[OBJECT_B]</span> templates.",So much better than the recent *Adidas* templates and the §Nike$ templates.,brands
236,False,1/11/2018 19:27:23,3,1534177068,finalized,Java,,Smalltalk,B,,J1448752061,BETTER,0.6724,,False,"It's funny--I love it when doing Smalltalk, not so much when coding Java .","It's funny--I love it when doing <span style=""color: #9A14B2; font-weight: bold"">Smalltalk:[OBJECT_A]</span>, not so much when coding <span style=""color: #6CB219; font-weight: bold"">Java:[OBJECT_B]</span> .","It's funny--I love it when doing *Smalltalk*, not so much when coding §Java$ .",compsci
167,False,1/5/2018 17:18:18,3,1532714547,finalized,Nikon,,Leica,,,J1517412012,WORSE,1.0,,True,"I was merely Kidding :) ... As a photographer who does large prints(and needs a MF camera) the hasselblad is visibly superior than a Dx format camera, and as a street photographer the Leica is unnoticeable and often can foil as a Point n shoot but, If you want to go out and just take great pictures (like the ones you have)a Nikon is perfect.","I was merely Kidding :) ... As a photographer who does large prints(and needs a MF camera) the hasselblad is visibly superior than a Dx format camera, and as a street photographer the <span style=""color: #9A14B2; font-weight: bold"">Leica:[OBJECT_A]</span> is unnoticeable and often can foil as a Point n shoot but, If you want to go out and just take great pictures (like the ones you have)a <span style=""color: #6CB219; font-weight: bold"">Nikon:[OBJECT_B]</span> is perfect.","I was merely Kidding :) ... As a photographer who does large prints(and needs a MF camera) the hasselblad is visibly superior than a Dx format camera, and as a street photographer the *Leica* is unnoticeable and often can foil as a Point n shoot but, If you want to go out and just take great pictures (like the ones you have)a §Nikon$ is perfect.",brands
18,False,1/11/2018 12:32:50,3,1534176848,finalized,Python,,Lisp,W,,M2054206661,WORSE,1.0,,True,"Python , the best language a business can use without risking the lack of programmers ( Common Lisp is better, but I don't know anyone who knows it except for me)","<span style=""color: #9A14B2; font-weight: bold"">Python:[OBJECT_A]</span> , the best language a business can use without risking the lack of programmers ( Common <span style=""color: #6CB219; font-weight: bold"">Lisp:[OBJECT_B]</span> is better, but I don't know anyone who knows it except for me)","*Python* , the best language a business can use without risking the lack of programmers ( Common §Lisp$ is better, but I don't know anyone who knows it except for me)",compsci
162,False,1/5/2018 17:19:03,3,1532714541,finalized,Samsung,,Motorola,,,N2130825092,NONE,1.0,,False,Samsung Galaxy - HTC? Motorola?,"<span style=""color: #9A14B2; font-weight: bold"">Samsung:[OBJECT_A]</span> Galaxy - HTC? <span style=""color: #6CB219; font-weight: bold"">Motorola:[OBJECT_B]</span>?",*Samsung* Galaxy - HTC? §Motorola$?,brands
359,False,1/11/2018 19:29:48,4,1534177195,finalized,Ruby,,Python,,,F764828955,BETTER,1.0,,True,"For this reason alone, Python is clearly better than Ruby or Perl.","For this reason alone, <span style=""color: #9A14B2; font-weight: bold"">Python:[OBJECT_A]</span> is clearly better than <span style=""color: #6CB219; font-weight: bold"">Ruby:[OBJECT_B]</span> or Perl.","For this reason alone, *Python* is clearly better than §Ruby$ or Perl.",compsci
374,False,1/5/2018 17:13:42,3,1532714756,finalized,Toyota,,Nissan,,,B219291873,BETTER,1.0,,True,"Also, the quality and resale value of Toyota has generally been better than Nissan.","Also, the quality and resale value of <span style=""color: #9A14B2; font-weight: bold"">Toyota:[OBJECT_A]</span> has generally been better than <span style=""color: #6CB219; font-weight: bold"">Nissan:[OBJECT_B]</span>.","Also, the quality and resale value of *Toyota* has generally been better than §Nissan$.",brands
60,False,1/11/2018 13:06:49,3,1534176890,finalized,MySQL,,PostgreSQL,O,,L1777176928,OTHER,0.6505,,True,"MySQL, PostgreSQL, Oracle, etc., are all superior choices.","<span style=""color: #9A14B2; font-weight: bold"">MySQL:[OBJECT_A]</span>, <span style=""color: #6CB219; font-weight: bold"">PostgreSQL:[OBJECT_B]</span>, Oracle, etc., are all superior choices.","*MySQL*, §PostgreSQL$, Oracle, etc., are all superior choices.",compsci
32,False,1/5/2018 14:26:53,3,1530057558,finalized,Google,,Sony,O,,H1217681472,NONE,0.6863,,True,"I'm sure it will be at least a little better than attempts from Google/Sony/Panasonic/Sharp/Samsung etc. to build Internet streaming into televisions, and progress is progress.","I'm sure it will be at least a little better than attempts from <span style=""color: #9A14B2; font-weight: bold"">Google:[OBJECT_A]</span>/<span style=""color: #6CB219; font-weight: bold"">Sony:[OBJECT_B]</span>/Panasonic/Sharp/Samsung etc. to build Internet streaming into televisions, and progress is progress.","I'm sure it will be at least a little better than attempts from *Google*/§Sony$/Panasonic/Sharp/Samsung etc. to build Internet streaming into televisions, and progress is progress.",brands
147,False,1/5/2018 17:16:53,4,1532714526,finalized,Ferrari,,BMW,,,D542975658,NONE,0.7628,,False,"Custom seat covers for your BMW, Mercedes, Bentley, Porsche, or Ferrari","Custom seat covers for your <span style=""color: #9A14B2; font-weight: bold"">BMW:[OBJECT_A]</span>, Mercedes, Bentley, Porsche, or <span style=""color: #6CB219; font-weight: bold"">Ferrari:[OBJECT_B]</span>","Custom seat covers for your *BMW*, Mercedes, Bentley, Porsche, or §Ferrari$",brands
66,False,1/12/2018 13:38:50,3,1543286574,finalized,wood,,foam,,N,K1686427975,NONE,1.0,,False,Material: Pu foam & wood.,"Material: Pu <span style=""color: #9A14B2; font-weight: bold"">foam:[OBJECT_A]</span> & <span style=""color: #6CB219; font-weight: bold"">wood:[OBJECT_B]</span>.",Material: Pu *foam* & §wood$.,jbt
58,False,1/5/2018 14:28:14,3,1530057584,finalized,Ferrari,,Renault,N,,B272645847,NONE,1.0,,False,And Renault stopped developing R29 long back with Ferrari.,"And <span style=""color: #9A14B2; font-weight: bold"">Renault:[OBJECT_A]</span> stopped developing R29 long back with <span style=""color: #6CB219; font-weight: bold"">Ferrari:[OBJECT_B]</span>.",And *Renault* stopped developing R29 long back with §Ferrari$.,brands
193,False,1/11/2018 19:12:59,4,1534177024,finalized,Python,,JavaScript,N,,J1545111115,OTHER,0.7285,,True,"JavaScript isn't the only example that meets those criteria; you could make decent arguments for Python or Ruby, and those are good choices as well.","<span style=""color: #9A14B2; font-weight: bold"">JavaScript:[OBJECT_A]</span> isn't the only example that meets those criteria; you could make decent arguments for <span style=""color: #6CB219; font-weight: bold"">Python:[OBJECT_B]</span> or Ruby, and those are good choices as well.","*JavaScript* isn't the only example that meets those criteria; you could make decent arguments for §Python$ or Ruby, and those are good choices as well.",compsci
37,False,1/12/2018 13:36:56,3,1543286545,finalized,carolina,,missouri,,O,O2410328669,OTHER,0.6477,,True,"The Badgers are 2-0 in the Big Ten, and better than missouri, South carolina, Ole Miss, and Kansas.","The Badgers are 2-0 in the Big Ten, and better than <span style=""color: #9A14B2; font-weight: bold"">missouri:[OBJECT_A]</span>, South <span style=""color: #6CB219; font-weight: bold"">carolina:[OBJECT_B]</span>, Ole Miss, and Kansas.","The Badgers are 2-0 in the Big Ten, and better than *missouri*, South §carolina$, Ole Miss, and Kansas.",jbt
160,False,1/12/2018 14:54:45,3,1543286670,finalized,california,,michigan,,N,K1712967246,WORSE,1.0,,True,michigan is no better than california.,"<span style=""color: #9A14B2; font-weight: bold"">michigan:[OBJECT_A]</span> is no better than <span style=""color: #6CB219; font-weight: bold"">california:[OBJECT_B]</span>.",*michigan* is no better than §california$.,jbt
166,False,1/5/2018 17:46:50,3,1532714546,finalized,Google,,Amazon,,,B231838818,NONE,1.0,,True,"Amazon, Google and Microsoft are all solid choices.","<span style=""color: #9A14B2; font-weight: bold"">Amazon:[OBJECT_A]</span>, <span style=""color: #6CB219; font-weight: bold"">Google:[OBJECT_B]</span> and Microsoft are all solid choices.","*Amazon*, §Google$ and Microsoft are all solid choices.",brands
481,False,1/11/2018 19:32:37,4,1534177317,finalized,Python,,Lisp,,,B225024538,OTHER,0.7541,,True,"Although Lisp doesn't look that much better than Python code, are there any programs out there that let you program, um, programs, using various shapes, colours etc? Just thinking about it brings up all manner of difficulties that would be encountered if you tried to create such a thing, but it would be nice if there was some immediately obvious graphical connection between pieces of code (so beginners like me didn't keep trying to put the square code through the round code ;-) ).","Although <span style=""color: #9A14B2; font-weight: bold"">Lisp:[OBJECT_A]</span> doesn't look that much better than <span style=""color: #6CB219; font-weight: bold"">Python:[OBJECT_B]</span> code, are there any programs out there that let you program, um, programs, using various shapes, colours etc? Just thinking about it brings up all manner of difficulties that would be encountered if you tried to create such a thing, but it would be nice if there was some immediately obvious graphical connection between pieces of code (so beginners like me didn't keep trying to put the square code through the round code ;-) ).","Although *Lisp* doesn't look that much better than §Python$ code, are there any programs out there that let you program, um, programs, using various shapes, colours etc? Just thinking about it brings up all manner of difficulties that would be encountered if you tried to create such a thing, but it would be nice if there was some immediately obvious graphical connection between pieces of code (so beginners like me didn't keep trying to put the square code through the round code ;-) ).",compsci
419,False,1/12/2018 18:11:40,3,1543286933,finalized,ds,,psp,,,M2047776377,NONE,1.0,,False,"psp, ds .","<span style=""color: #9A14B2; font-weight: bold"">psp:[OBJECT_A]</span>, <span style=""color: #6CB219; font-weight: bold"">ds:[OBJECT_B]</span> .","*psp*, §ds$ .",jbt
201,False,1/5/2018 17:15:29,3,1532714581,finalized,Toyota,,BMW,,,L1892507093,BETTER,1.0,,True,"One can argue that Toyota comes up with better names than, say BMW - ""Avalon"", ""Tacoma"", ""Corrolla"" sound better than ""3.25"" or ""5.25"".","One can argue that <span style=""color: #9A14B2; font-weight: bold"">Toyota:[OBJECT_A]</span> comes up with better names than, say <span style=""color: #6CB219; font-weight: bold"">BMW:[OBJECT_B]</span> - ""Avalon"", ""Tacoma"", ""Corrolla"" sound better than ""3.25"" or ""5.25"".","One can argue that *Toyota* comes up with better names than, say §BMW$ - ""Avalon"", ""Tacoma"", ""Corrolla"" sound better than ""3.25"" or ""5.25"".",brands
358,False,1/12/2018 17:19:21,3,1543286869,finalized,playstation,,gamecube,,,M2003434188,NONE,1.0,,False,"PLATFORM : playstation, Nintendo 64, PC, Dreamcast, gamecube","PLATFORM : <span style=""color: #9A14B2; font-weight: bold"">playstation:[OBJECT_A]</span>, Nintendo 64, PC, Dreamcast, <span style=""color: #6CB219; font-weight: bold"">gamecube:[OBJECT_B]</span>","PLATFORM : *playstation*, Nintendo 64, PC, Dreamcast, §gamecube$",jbt
1,False,1/12/2018 13:34:56,3,1543286509,finalized,google,,amazon,,W,J1521912207,WORSE,1.0,,True,I was using google music but amazon is just better.,"I was using <span style=""color: #9A14B2; font-weight: bold"">google:[OBJECT_A]</span> music but <span style=""color: #6CB219; font-weight: bold"">amazon:[OBJECT_B]</span> is just better.",I was using *google* music but §amazon$ is just better.,jbt
392,False,1/11/2018 19:19:07,3,1534177228,finalized,Ruby,,Perl,,,G925161745,BETTER,0.6723,,True,He thought Ruby was a good name for a programming language newer (and hopefully better) than Perl.,"He thought <span style=""color: #9A14B2; font-weight: bold"">Ruby:[OBJECT_A]</span> was a good name for a programming language newer (and hopefully better) than <span style=""color: #6CB219; font-weight: bold"">Perl:[OBJECT_B]</span>.",He thought *Ruby* was a good name for a programming language newer (and hopefully better) than §Perl$.,compsci
374,False,1/11/2018 19:21:41,3,1534177210,finalized,USB,,Ethernet,,,T3198573436,NONE,1.0,,True,"With solid-state recorders, investigators can extract stored data in a matter of minutes through USB or Ethernet ports.","With solid-state recorders, investigators can extract stored data in a matter of minutes through <span style=""color: #9A14B2; font-weight: bold"">USB:[OBJECT_A]</span> or <span style=""color: #6CB219; font-weight: bold"">Ethernet:[OBJECT_B]</span> ports.","With solid-state recorders, investigators can extract stored data in a matter of minutes through *USB* or §Ethernet$ ports.",compsci
32,False,1/5/2018 17:09:29,3,1532714410,finalized,Toyota,,Honda,N,,R2938103535,NONE,1.0,,False,Toyota and Honda vehicles are:,"<span style=""color: #9A14B2; font-weight: bold"">Toyota:[OBJECT_A]</span> and <span style=""color: #6CB219; font-weight: bold"">Honda:[OBJECT_B]</span> vehicles are:",*Toyota* and §Honda$ vehicles are:,brands
469,False,1/11/2018 19:26:11,3,1534177305,finalized,PHP,,JavaScript,,,N2243710760,NONE,0.6684,,True,"Solid skills in shader writing, python, C/C++, pipeline, web technologies as JavaScript, PHP, and bash with extensive linux certifications.","Solid skills in shader writing, python, C/C++, pipeline, web technologies as <span style=""color: #9A14B2; font-weight: bold"">JavaScript:[OBJECT_A]</span>, <span style=""color: #6CB219; font-weight: bold"">PHP:[OBJECT_B]</span>, and bash with extensive linux certifications.","Solid skills in shader writing, python, C/C++, pipeline, web technologies as *JavaScript*, §PHP$, and bash with extensive linux certifications.",compsci
303,False,1/12/2018 17:46:43,3,1543286814,finalized,harvard,,dartmouth,,,K1719330937,NONE,1.0,,True,"Minnesota Duluth Others receiving votes: St. Lawrence, Alaska Anchorage, Ferris State, Clarkson, Western Michigan, Colorado College, harvard, Northeastern, Lake Superior, Niagara, Colgate, Brown, Nebraska Omaha, Sacred Heart, Michigan Tech, Bowling Green, dartmouth, Ohio State, Air Force, Bentley, Canisius, Michigan State.","Minnesota Duluth Others receiving votes: St. Lawrence, Alaska Anchorage, Ferris State, Clarkson, Western Michigan, Colorado College, <span style=""color: #9A14B2; font-weight: bold"">harvard:[OBJECT_A]</span>, Northeastern, Lake Superior, Niagara, Colgate, Brown, Nebraska Omaha, Sacred Heart, Michigan Tech, Bowling Green, <span style=""color: #6CB219; font-weight: bold"">dartmouth:[OBJECT_B]</span>, Ohio State, Air Force, Bentley, Canisius, Michigan State.","Minnesota Duluth Others receiving votes: St. Lawrence, Alaska Anchorage, Ferris State, Clarkson, Western Michigan, Colorado College, *harvard*, Northeastern, Lake Superior, Niagara, Colgate, Brown, Nebraska Omaha, Sacred Heart, Michigan Tech, Bowling Green, §dartmouth$, Ohio State, Air Force, Bentley, Canisius, Michigan State.",jbt
169,False,1/5/2018 17:13:24,4,1532714549,finalized,Samsung,,Motorola,,,J1495273866,NONE,1.0,,False,"I used Sony Ericsson, Motorola, Samsung, Nokia.","I used Sony Ericsson, <span style=""color: #9A14B2; font-weight: bold"">Motorola:[OBJECT_A]</span>, <span style=""color: #6CB219; font-weight: bold"">Samsung:[OBJECT_B]</span>, Nokia.","I used Sony Ericsson, *Motorola*, §Samsung$, Nokia.",brands
421,False,1/11/2018 19:24:41,3,1534177257,finalized,Ruby,,Python,,,H1159510722,BETTER,1.0,,True,I hear the Python interpreter is a lot faster than the Ruby interpreter.,"I hear the <span style=""color: #9A14B2; font-weight: bold"">Python:[OBJECT_A]</span> interpreter is a lot faster than the <span style=""color: #6CB219; font-weight: bold"">Ruby:[OBJECT_B]</span> interpreter.",I hear the *Python* interpreter is a lot faster than the §Ruby$ interpreter.,compsci
366,False,1/5/2018 18:48:42,3,1532714748,finalized,Sony,,Dell,,,J1506591905,WORSE,0.6579999999999999,,True,I've seen much better from Dell and certainly the Sony XBrite and Toshiba TruBrite screens are better than what the Inspiron 6000 offers up.,"I've seen much better from <span style=""color: #9A14B2; font-weight: bold"">Dell:[OBJECT_A]</span> and certainly the <span style=""color: #6CB219; font-weight: bold"">Sony:[OBJECT_B]</span> XBrite and Toshiba TruBrite screens are better than what the Inspiron 6000 offers up.",I've seen much better from *Dell* and certainly the §Sony$ XBrite and Toshiba TruBrite screens are better than what the Inspiron 6000 offers up.,brands
225,False,1/11/2018 19:57:51,3,1534177057,finalized,Windows 7,,Windows 8,B,,E689714843,BETTER,1.0,,True,"Extended desktop in Windows 8 works so much better than Windows 7, it's not even funny.","Extended desktop in <span style=""color: #9A14B2; font-weight: bold"">Windows 8:[OBJECT_A]</span> works so much better than <span style=""color: #6CB219; font-weight: bold"">Windows 7:[OBJECT_B]</span>, it's not even funny.","Extended desktop in *Windows 8* works so much better than §Windows 7$, it's not even funny.",compsci
255,False,1/12/2018 16:06:58,3,1543286765,finalized,football,,lacrosse,,,L1764156785,NONE,1.0,,True,"My experience with Winningfactor couldn't be any better, said Helm, who now plays football and lacrosse at The Lawrenceville School in New Jersey.","My experience with Winningfactor couldn't be any better, said Helm, who now plays <span style=""color: #9A14B2; font-weight: bold"">football:[OBJECT_A]</span> and <span style=""color: #6CB219; font-weight: bold"">lacrosse:[OBJECT_B]</span> at The Lawrenceville School in New Jersey.","My experience with Winningfactor couldn't be any better, said Helm, who now plays *football* and §lacrosse$ at The Lawrenceville School in New Jersey.",jbt
248,False,1/11/2018 19:24:57,3,1534177080,finalized,Java,,Scala,B,,N2137846884,BETTER,1.0,,True,"Scala makes the code less verbose, its better performance than Java.","<span style=""color: #9A14B2; font-weight: bold"">Scala:[OBJECT_A]</span> makes the code less verbose, its better performance than <span style=""color: #6CB219; font-weight: bold"">Java:[OBJECT_B]</span>.","*Scala* makes the code less verbose, its better performance than §Java$.",compsci
287,False,1/12/2018 18:47:15,3,1543286797,finalized,forest,,timber,,,T3207702955,BETTER,1.0,,True,Wood/ timber inventories are being depleted throughout the developing world (far faster than forest land inventories).,"Wood/ <span style=""color: #9A14B2; font-weight: bold"">timber:[OBJECT_A]</span> inventories are being depleted throughout the developing world (far faster than <span style=""color: #6CB219; font-weight: bold"">forest:[OBJECT_B]</span> land inventories).",Wood/ *timber* inventories are being depleted throughout the developing world (far faster than §forest$ land inventories).,jbt
14,False,1/5/2018 17:07:42,3,1532714392,finalized,Intel,,Dell,N,,J1513428786,NONE,1.0,,True,"I was a noobie to Intel and Windows when I got the Dell, but I have to say that building a system is so much better.","I was a noobie to <span style=""color: #9A14B2; font-weight: bold"">Intel:[OBJECT_A]</span> and Windows when I got the <span style=""color: #6CB219; font-weight: bold"">Dell:[OBJECT_B]</span>, but I have to say that building a system is so much better.","I was a noobie to *Intel* and Windows when I got the §Dell$, but I have to say that building a system is so much better.",brands
25,False,1/12/2018 14:51:07,4,1543286533,finalized,carolina,,michigan,,O,A77783944,NONE,1.0,,True,"3. You would have a decent shot at North carolina, Carnegie Mellon, Duke, Darden, Rochester, and perhaps michigan (longer shot).","3. You would have a decent shot at North <span style=""color: #9A14B2; font-weight: bold"">carolina:[OBJECT_A]</span>, Carnegie Mellon, Duke, Darden, Rochester, and perhaps <span style=""color: #6CB219; font-weight: bold"">michigan:[OBJECT_B]</span> (longer shot).","3. You would have a decent shot at North *carolina*, Carnegie Mellon, Duke, Darden, Rochester, and perhaps §michigan$ (longer shot).",jbt
411,False,1/12/2018 18:15:51,3,1543286925,finalized,tennis,,volleyball,,,S3008461528,NONE,0.6716,,False,volleyball or tennis?,"<span style=""color: #9A14B2; font-weight: bold"">volleyball:[OBJECT_A]</span> or <span style=""color: #6CB219; font-weight: bold"">tennis:[OBJECT_B]</span>?",*volleyball* or §tennis$?,jbt
65,False,1/5/2018 17:47:06,3,1532714444,finalized,Ferrari,,BMW,N,,J1540409956,NONE,1.0,,False,"Jaguar (12), Ferrari (5), MG (3), BMW (3), Bristol (2)","Jaguar (12), <span style=""color: #9A14B2; font-weight: bold"">Ferrari:[OBJECT_A]</span> (5), MG (3), <span style=""color: #6CB219; font-weight: bold"">BMW:[OBJECT_B]</span> (3), Bristol (2)","Jaguar (12), *Ferrari* (5), MG (3), §BMW$ (3), Bristol (2)",brands
337,False,1/11/2018 19:30:48,4,1534177173,finalized,CUDA,,OpenCL,,,D538988864,BETTER,0.726,,True,"CUDA is still strong because it has better support, but we all want OpenCL to win out in the long run (even if they have to update it majorly before that happens)","<span style=""color: #9A14B2; font-weight: bold"">CUDA:[OBJECT_A]</span> is still strong because it has better support, but we all want <span style=""color: #6CB219; font-weight: bold"">OpenCL:[OBJECT_B]</span> to win out in the long run (even if they have to update it majorly before that happens)","*CUDA* is still strong because it has better support, but we all want §OpenCL$ to win out in the long run (even if they have to update it majorly before that happens)",compsci
466,False,1/11/2018 19:30:45,3,1534177302,finalized,Ruby,,Perl,,,N2120488059,BETTER,0.6824,,True,"Ruby better than they currently know Perl"".","<span style=""color: #9A14B2; font-weight: bold"">Ruby:[OBJECT_A]</span> better than they currently know <span style=""color: #6CB219; font-weight: bold"">Perl:[OBJECT_B]</span>"".","*Ruby* better than they currently know §Perl$"".",compsci
243,False,1/12/2018 18:44:13,3,1543286753,finalized,wii,,ps3,,B,M2089632043,BETTER,1.0,,True,"Remember, you're the one that said the wii was the better Mercedez and the ps3 was the worse KIA.","Remember, you're the one that said the <span style=""color: #9A14B2; font-weight: bold"">wii:[OBJECT_A]</span> was the better Mercedez and the <span style=""color: #6CB219; font-weight: bold"">ps3:[OBJECT_B]</span> was the worse KIA.","Remember, you're the one that said the *wii* was the better Mercedez and the §ps3$ was the worse KIA.",jbt
215,False,1/5/2018 17:23:08,3,1532714596,finalized,Nikon,,Leica,,,F766011054,WORSE,1.0,,True,for those who care about such things... i returned my Nikon 4500 10 days ago on 12th day of free 10-day trial and i traded down to a panasonic lumix LC40 with Leica lens because it had a faster shutter response and looked pretty bad ass.,"for those who care about such things... i returned my <span style=""color: #9A14B2; font-weight: bold"">Nikon:[OBJECT_A]</span> 4500 10 days ago on 12th day of free 10-day trial and i traded down to a panasonic lumix LC40 with <span style=""color: #6CB219; font-weight: bold"">Leica:[OBJECT_B]</span> lens because it had a faster shutter response and looked pretty bad ass.",for those who care about such things... i returned my *Nikon* 4500 10 days ago on 12th day of free 10-day trial and i traded down to a panasonic lumix LC40 with §Leica$ lens because it had a faster shutter response and looked pretty bad ass.,brands
461,False,1/11/2018 19:30:41,3,1534177297,finalized,Python,,Lisp,,,R2786937460,OTHER,1.0,,True,"They know there's fiddly detailed things you have to do in C or Assembler sometimes, or graphics that easier/faster done in Python/Tk or text manipulation best done in Awk or Perl or symbolic manipulation best done in Lisp or whatever.","They know there's fiddly detailed things you have to do in C or Assembler sometimes, or graphics that easier/faster done in <span style=""color: #9A14B2; font-weight: bold"">Python:[OBJECT_A]</span>/Tk or text manipulation best done in Awk or Perl or symbolic manipulation best done in <span style=""color: #6CB219; font-weight: bold"">Lisp:[OBJECT_B]</span> or whatever.","They know there's fiddly detailed things you have to do in C or Assembler sometimes, or graphics that easier/faster done in *Python*/Tk or text manipulation best done in Awk or Perl or symbolic manipulation best done in §Lisp$ or whatever.",compsci
307,False,1/11/2018 19:29:45,4,1534177143,finalized,Windows 7,,Windows 8,,,B319133013,BETTER,1.0,,True,"Anyways, Windows 8 is much better than Windows 7 IMO.","Anyways, <span style=""color: #9A14B2; font-weight: bold"">Windows 8:[OBJECT_A]</span> is much better than <span style=""color: #6CB219; font-weight: bold"">Windows 7:[OBJECT_B]</span> IMO.","Anyways, *Windows 8* is much better than §Windows 7$ IMO.",compsci
484,False,1/12/2018 18:12:09,3,1543286998,finalized,harvard,,mit,,,E639138491,NONE,1.0,,False,"Education : mit, harvard, UCLA","Education : <span style=""color: #9A14B2; font-weight: bold"">mit:[OBJECT_A]</span>, <span style=""color: #6CB219; font-weight: bold"">harvard:[OBJECT_B]</span>, UCLA","Education : *mit*, §harvard$, UCLA",jbt
312,False,1/12/2018 18:48:46,3,1543286823,finalized,beer,,tea,,,M1925837999,NONE,0.6833,,True,O: pretty decent fruit forward beer that just wasn't my cup of tea.,"O: pretty decent fruit forward <span style=""color: #9A14B2; font-weight: bold"">beer:[OBJECT_A]</span> that just wasn't my cup of <span style=""color: #6CB219; font-weight: bold"">tea:[OBJECT_B]</span>.",O: pretty decent fruit forward *beer* that just wasn't my cup of §tea$.,jbt
472,False,1/11/2018 20:00:10,3,1534177308,finalized,Oracle,,PostgreSQL,,,H1122323110,WORSE,1.0,,True,If you're so anti-Oracle you're better off using PostgreSQL.,"If you're so anti-<span style=""color: #9A14B2; font-weight: bold"">Oracle:[OBJECT_A]</span> you're better off using <span style=""color: #6CB219; font-weight: bold"">PostgreSQL:[OBJECT_B]</span>.",If you're so anti-*Oracle* you're better off using §PostgreSQL$.,compsci
477,False,1/12/2018 18:15:35,3,1543286991,finalized,bread,,potato,,,S3089752615,NONE,0.6623,,True,"We use potato bread...less chance for allergic reactions (and it tastes better, IMO).","We use <span style=""color: #9A14B2; font-weight: bold"">potato:[OBJECT_A]</span> <span style=""color: #6CB219; font-weight: bold"">bread:[OBJECT_B]</span>...less chance for allergic reactions (and it tastes better, IMO).","We use *potato* §bread$...less chance for allergic reactions (and it tastes better, IMO).",jbt
76,False,1/5/2018 14:58:45,3,1530057602,finalized,Microsoft,,Amazon,N,,I1296371918,OTHER,0.7021,,True,"Interestingly, both Amazon and Microsoft offer 3 and a half nines of service level availability (99.95%), making comparing the service prices even easier.","Interestingly, both <span style=""color: #9A14B2; font-weight: bold"">Amazon:[OBJECT_A]</span> and <span style=""color: #6CB219; font-weight: bold"">Microsoft:[OBJECT_B]</span> offer 3 and a half nines of service level availability (99.95%), making comparing the service prices even easier.","Interestingly, both *Amazon* and §Microsoft$ offer 3 and a half nines of service level availability (99.95%), making comparing the service prices even easier.",brands
30,False,1/11/2018 12:59:11,3,1534176860,finalized,Java,,Scala,O,,R2910824756,OTHER,0.6758,,True,"To be precise, Java and Scala execute 28 times faster on average.","To be precise, <span style=""color: #9A14B2; font-weight: bold"">Java:[OBJECT_A]</span> and <span style=""color: #6CB219; font-weight: bold"">Scala:[OBJECT_B]</span> execute 28 times faster on average.","To be precise, *Java* and §Scala$ execute 28 times faster on average.",compsci
414,False,1/11/2018 19:43:10,3,1534177250,finalized,USB,,Ethernet,,,S2981353201,BETTER,1.0,,True,"USB 2.0, aparently, is faster than Gigabit Ethernet (which I'm still confused about as the rated speed is much higher.","<span style=""color: #9A14B2; font-weight: bold"">USB:[OBJECT_A]</span> 2.0, aparently, is faster than Gigabit <span style=""color: #6CB219; font-weight: bold"">Ethernet:[OBJECT_B]</span> (which I'm still confused about as the rated speed is much higher.","*USB* 2.0, aparently, is faster than Gigabit §Ethernet$ (which I'm still confused about as the rated speed is much higher.",compsci
384,False,1/5/2018 18:22:07,4,1532714766,finalized,Coca-Cola,,Pepsi,,,R2861649606,WORSE,0.7576,,True,"This post looks at Pepsi-Cola, a huge multinational corporation that's trying harder and harder to catch up to number one, Coca-Cola.","This post looks at <span style=""color: #9A14B2; font-weight: bold"">Pepsi:[OBJECT_A]</span>-Cola, a huge multinational corporation that's trying harder and harder to catch up to number one, <span style=""color: #6CB219; font-weight: bold"">Coca-Cola:[OBJECT_B]</span>.","This post looks at *Pepsi*-Cola, a huge multinational corporation that's trying harder and harder to catch up to number one, §Coca-Cola$.",brands
413,False,1/11/2018 19:32:25,3,1534177249,finalized,Ruby,,JavaScript,,,R2926883713,NONE,1.0,,True,"Tools are getting richer and better... 19 Corona from Ansca Mobile Titanium from Appcelerator Phonegap Lua language (""code less"") HTML/CSS/JS HTML + CSS + JavaScript Strong gaming platform Mobile/desktop Open Exploits OpenGL Annual fee Developer focussed 2D physics engine Annual fee Caveats: Most solutions ""favour"" a reference platform HTML5 framework for Touch Ruby framework Pay for support Enterprise focus (sync) Success very use-case dependentWednesday, 25 May 2011","Tools are getting richer and better... 19 Corona from Ansca Mobile Titanium from Appcelerator Phonegap Lua language (""code less"") HTML/CSS/JS HTML + CSS + <span style=""color: #9A14B2; font-weight: bold"">JavaScript:[OBJECT_A]</span> Strong gaming platform Mobile/desktop Open Exploits OpenGL Annual fee Developer focussed 2D physics engine Annual fee Caveats: Most solutions ""favour"" a reference platform HTML5 framework for Touch <span style=""color: #6CB219; font-weight: bold"">Ruby:[OBJECT_B]</span> framework Pay for support Enterprise focus (sync) Success very use-case dependentWednesday, 25 May 2011","Tools are getting richer and better... 19 Corona from Ansca Mobile Titanium from Appcelerator Phonegap Lua language (""code less"") HTML/CSS/JS HTML + CSS + *JavaScript* Strong gaming platform Mobile/desktop Open Exploits OpenGL Annual fee Developer focussed 2D physics engine Annual fee Caveats: Most solutions ""favour"" a reference platform HTML5 framework for Touch §Ruby$ framework Pay for support Enterprise focus (sync) Success very use-case dependentWednesday, 25 May 2011",compsci
155,False,1/12/2018 18:45:39,3,1543286665,finalized,playstation,,gamecube,,N,F796579376,NONE,1.0,,False,"(gamecube, playstation 2 -- May 2004)","(<span style=""color: #9A14B2; font-weight: bold"">gamecube:[OBJECT_A]</span>, <span style=""color: #6CB219; font-weight: bold"">playstation:[OBJECT_B]</span> 2 -- May 2004)","(*gamecube*, §playstation$ 2 -- May 2004)",jbt
346,False,1/11/2018 19:13:30,4,1534177182,finalized,Python,,Perl,,,H1078689787,BETTER,1.0,,True,I find Python much easier to read six months down the road than Perl is.,"I find <span style=""color: #9A14B2; font-weight: bold"">Python:[OBJECT_A]</span> much easier to read six months down the road than <span style=""color: #6CB219; font-weight: bold"">Perl:[OBJECT_B]</span> is.",I find *Python* much easier to read six months down the road than §Perl$ is.,compsci
197,False,1/5/2018 17:11:08,3,1532714577,finalized,Ford,,BMW,,,P2574424734,OTHER,0.6623,,True,"The new Ford will be faster, cheaper, more practical and have much better traction while being build in Germany, just like BMW.","The new <span style=""color: #9A14B2; font-weight: bold"">Ford:[OBJECT_A]</span> will be faster, cheaper, more practical and have much better traction while being build in Germany, just like <span style=""color: #6CB219; font-weight: bold"">BMW:[OBJECT_B]</span>.","The new *Ford* will be faster, cheaper, more practical and have much better traction while being build in Germany, just like §BMW$.",brands
156,False,1/5/2018 17:12:30,3,1532714535,finalized,Sony,,Dell,,,P2512395764,WORSE,1.0,,True,"The hardware (Sony) feels cheap and easy to break compared to my 4-year old Dell, which feels solid.","The hardware (<span style=""color: #9A14B2; font-weight: bold"">Sony:[OBJECT_A]</span>) feels cheap and easy to break compared to my 4-year old <span style=""color: #6CB219; font-weight: bold"">Dell:[OBJECT_B]</span>, which feels solid.","The hardware (*Sony*) feels cheap and easy to break compared to my 4-year old §Dell$, which feels solid.",brands
186,False,1/11/2018 17:43:28,3,1534177017,finalized,Java,,PHP,N,,N2257094663,NONE,1.0,,True,"Sometimes for a better result, adding codes by using PHP and Java script is needed.","Sometimes for a better result, adding codes by using <span style=""color: #9A14B2; font-weight: bold"">PHP:[OBJECT_A]</span> and <span style=""color: #6CB219; font-weight: bold"">Java:[OBJECT_B]</span> script is needed.","Sometimes for a better result, adding codes by using *PHP* and §Java$ script is needed.",compsci
106,False,1/5/2018 17:23:04,3,1532714485,finalized,Audi,,Lexus,B,,H1239064557,OTHER,0.6432,,True,"In any case, there's no question my next car will be a BMW since both the 550 and 750 are so superior to the competing models from Audi/Mercedes/Lexus/Jaguar.","In any case, there's no question my next car will be a BMW since both the 550 and 750 are so superior to the competing models from <span style=""color: #9A14B2; font-weight: bold"">Audi:[OBJECT_A]</span>/Mercedes/<span style=""color: #6CB219; font-weight: bold"">Lexus:[OBJECT_B]</span>/Jaguar.","In any case, there's no question my next car will be a BMW since both the 550 and 750 are so superior to the competing models from *Audi*/Mercedes/§Lexus$/Jaguar.",brands
185,False,1/5/2018 17:23:17,3,1532714565,finalized,Samsung,,Toshiba,,,H1190647471,BETTER,1.0,,True,I lucked out to be getting one with the Samsung SSD which is a lot faster than Toshiba SSD.,"I lucked out to be getting one with the <span style=""color: #9A14B2; font-weight: bold"">Samsung:[OBJECT_A]</span> SSD which is a lot faster than <span style=""color: #6CB219; font-weight: bold"">Toshiba:[OBJECT_B]</span> SSD.",I lucked out to be getting one with the *Samsung* SSD which is a lot faster than §Toshiba$ SSD.,brands
406,False,1/11/2018 19:17:42,3,1534177242,finalized,Java,,Ruby,,,O2314085512,OTHER,0.6777,,False,Subject: Re: Ruby vs. Java?,"Subject: Re: <span style=""color: #9A14B2; font-weight: bold"">Ruby:[OBJECT_A]</span> vs. <span style=""color: #6CB219; font-weight: bold"">Java:[OBJECT_B]</span>?",Subject: Re: *Ruby* vs. §Java$?,compsci
81,False,1/12/2018 13:41:47,4,1543286589,finalized,fishing,,camping,,N,M1970249378,NONE,0.7183,,True,Particularly during the cooler months (when camping is most enjoyable) fishing for both reds and seatrout can be excellent.,"Particularly during the cooler months (when <span style=""color: #9A14B2; font-weight: bold"">camping:[OBJECT_A]</span> is most enjoyable) <span style=""color: #6CB219; font-weight: bold"">fishing:[OBJECT_B]</span> for both reds and seatrout can be excellent.",Particularly during the cooler months (when *camping* is most enjoyable) §fishing$ for both reds and seatrout can be excellent.,jbt
383,False,1/12/2018 18:44:33,3,1543286894,finalized,concrete,,cement,,,M1928400142,NONE,1.0,,True,"Or, Coal Ash can be used in the manufacture of superior cement and concrete.","Or, Coal Ash can be used in the manufacture of superior <span style=""color: #9A14B2; font-weight: bold"">cement:[OBJECT_A]</span> and <span style=""color: #6CB219; font-weight: bold"">concrete:[OBJECT_B]</span>.","Or, Coal Ash can be used in the manufacture of superior *cement* and §concrete$.",jbt
398,False,1/12/2018 17:20:44,3,1543286909,finalized,beer,,cider,,,E559286936,NONE,1.0,,True,"Decent selection of beer, lager and cider.","Decent selection of <span style=""color: #9A14B2; font-weight: bold"">beer:[OBJECT_A]</span>, lager and <span style=""color: #6CB219; font-weight: bold"">cider:[OBJECT_B]</span>.","Decent selection of *beer*, lager and §cider$.",jbt
94,False,1/12/2018 14:17:49,3,1543286602,finalized,tea,,soda,,N,D476752277,NONE,1.0,,False,"Chocolate, tea, coffee, soda...","Chocolate, <span style=""color: #9A14B2; font-weight: bold"">tea:[OBJECT_A]</span>, coffee, <span style=""color: #6CB219; font-weight: bold"">soda:[OBJECT_B]</span>...","Chocolate, *tea*, coffee, §soda$...",jbt
135,False,1/12/2018 19:01:43,3,1543286645,finalized,soup,,pasta,,N,L1847571855,NONE,0.6596,,True,"Now I've got the Mexican Bean pasta soup started, I better get out there!","Now I've got the Mexican Bean <span style=""color: #9A14B2; font-weight: bold"">pasta:[OBJECT_A]</span> <span style=""color: #6CB219; font-weight: bold"">soup:[OBJECT_B]</span> started, I better get out there!","Now I've got the Mexican Bean *pasta* §soup$ started, I better get out there!",jbt
67,False,1/12/2018 13:37:42,4,1543286575,finalized,tea,,chocolate,,N,D476742799,NONE,1.0,,False,chocolate Rose tea,"<span style=""color: #9A14B2; font-weight: bold"">chocolate:[OBJECT_A]</span> Rose <span style=""color: #6CB219; font-weight: bold"">tea:[OBJECT_B]</span>",*chocolate* Rose §tea$,jbt
181,False,1/5/2018 17:13:13,3,1532714561,finalized,Sony,,Intel,,,F789139835,NONE,1.0,,True,"full tower, thermaltake 750w ps + 500w ps, asus p5w dh mobo, 2g ram, dual Intel w/thermaltake cooler, asus eax1900xtx vid w/512m, 2 seagate 120g HD, 2 Sony cd/dvd drives, digiwave HDTV cable card.","full tower, thermaltake 750w ps + 500w ps, asus p5w dh mobo, 2g ram, dual <span style=""color: #9A14B2; font-weight: bold"">Intel:[OBJECT_A]</span> w/thermaltake cooler, asus eax1900xtx vid w/512m, 2 seagate 120g HD, 2 <span style=""color: #6CB219; font-weight: bold"">Sony:[OBJECT_B]</span> cd/dvd drives, digiwave HDTV cable card.","full tower, thermaltake 750w ps + 500w ps, asus p5w dh mobo, 2g ram, dual *Intel* w/thermaltake cooler, asus eax1900xtx vid w/512m, 2 seagate 120g HD, 2 §Sony$ cd/dvd drives, digiwave HDTV cable card.",brands
88,False,1/5/2018 14:25:30,3,1530057614,finalized,Apple,,Sony,N,,N2262643178,BETTER,0.6526,,True,"Sony PS3 Infographic: Better Than Apple TV, Xbox 360, Wii, Roku, Boxee?","<span style=""color: #9A14B2; font-weight: bold"">Sony:[OBJECT_A]</span> PS3 Infographic: Better Than <span style=""color: #6CB219; font-weight: bold"">Apple:[OBJECT_B]</span> TV, Xbox 360, Wii, Roku, Boxee?","*Sony* PS3 Infographic: Better Than §Apple$ TV, Xbox 360, Wii, Roku, Boxee?",brands
234,False,1/12/2018 16:05:59,3,1543286744,finalized,phone,,laptop,,B,G1032846339,BETTER,1.0,,True,I can type just as fast if not faster on my phone than my laptop.,"I can type just as fast if not faster on my <span style=""color: #9A14B2; font-weight: bold"">phone:[OBJECT_A]</span> than my <span style=""color: #6CB219; font-weight: bold"">laptop:[OBJECT_B]</span>.",I can type just as fast if not faster on my *phone* than my §laptop$.,jbt
157,False,1/12/2018 18:45:47,3,1543286667,finalized,steel,,concrete,,N,S3000518146,NONE,1.0,,True,"Very unique & solid built, one level steel Frame & concrete construction.","Very unique & solid built, one level <span style=""color: #9A14B2; font-weight: bold"">steel:[OBJECT_A]</span> Frame & <span style=""color: #6CB219; font-weight: bold"">concrete:[OBJECT_B]</span> construction.","Very unique & solid built, one level *steel* Frame & §concrete$ construction.",jbt
462,False,1/12/2018 18:11:40,3,1543286976,finalized,georgia,,michigan,,,S3037986139,NONE,1.0,,True,"We could have lost to georgia Tech by 10, or lost to Penn State by 6, or lost to michigan by 14, and it would have looked better.","We could have lost to <span style=""color: #9A14B2; font-weight: bold"">georgia:[OBJECT_A]</span> Tech by 10, or lost to Penn State by 6, or lost to <span style=""color: #6CB219; font-weight: bold"">michigan:[OBJECT_B]</span> by 14, and it would have looked better.","We could have lost to *georgia* Tech by 10, or lost to Penn State by 6, or lost to §michigan$ by 14, and it would have looked better.",jbt
29,False,1/5/2018 14:58:25,3,1530057555,finalized,Ford,,Honda,O,,E675558534,NONE,0.6341,,True,"Every car I've owned, from Ford to Nissan to Honda, has been better than this.","Every car I've owned, from <span style=""color: #9A14B2; font-weight: bold"">Ford:[OBJECT_A]</span> to Nissan to <span style=""color: #6CB219; font-weight: bold"">Honda:[OBJECT_B]</span>, has been better than this.","Every car I've owned, from *Ford* to Nissan to §Honda$, has been better than this.",brands
500,False,1/11/2018 19:29:48,3,1534177337,finalized,Oracle,,PostgreSQL,,,D540472599,NONE,1.0,,True,"Currently available database drivers include ones for Informix Universal Server, Interbase, Oracle, PostgreSQL, Solid, and Sybase.","Currently available database drivers include ones for Informix Universal Server, Interbase, <span style=""color: #9A14B2; font-weight: bold"">Oracle:[OBJECT_A]</span>, <span style=""color: #6CB219; font-weight: bold"">PostgreSQL:[OBJECT_B]</span>, Solid, and Sybase.","Currently available database drivers include ones for Informix Universal Server, Interbase, *Oracle*, §PostgreSQL$, Solid, and Sybase.",compsci
456,False,1/11/2018 19:12:03,4,1534177292,finalized,Java,,Smalltalk,,,B269760493,NONE,1.0,,False,And occasionally trying to teach Java programmers how Smalltalk works.,"And occasionally trying to teach <span style=""color: #9A14B2; font-weight: bold"">Java:[OBJECT_A]</span> programmers how <span style=""color: #6CB219; font-weight: bold"">Smalltalk:[OBJECT_B]</span> works.",And occasionally trying to teach *Java* programmers how §Smalltalk$ works.,compsci
19,False,1/5/2018 15:02:01,3,1530057545,finalized,Samsung,,Toshiba,O,,Q2740840607,NONE,0.7021,,True,"The Toshiba (348 ms), HP (408.9 ms) and Samsung (563.4 ms) all scored better.","The <span style=""color: #9A14B2; font-weight: bold"">Toshiba:[OBJECT_A]</span> (348 ms), HP (408.9 ms) and <span style=""color: #6CB219; font-weight: bold"">Samsung:[OBJECT_B]</span> (563.4 ms) all scored better.","The *Toshiba* (348 ms), HP (408.9 ms) and §Samsung$ (563.4 ms) all scored better.",brands
82,False,1/12/2018 13:37:54,3,1543286590,finalized,plastic,,concrete,,N,Q2667576365,NONE,1.0,,True,"There's granite, acid-washed concrete and ceramic tile; solid surfaces, wood and plastic laminate.","There's granite, acid-washed <span style=""color: #9A14B2; font-weight: bold"">concrete:[OBJECT_A]</span> and ceramic tile; solid surfaces, wood and <span style=""color: #6CB219; font-weight: bold"">plastic:[OBJECT_B]</span> laminate.","There's granite, acid-washed *concrete* and ceramic tile; solid surfaces, wood and §plastic$ laminate.",jbt
402,False,1/11/2018 19:29:18,3,1534177238,finalized,Eclipse,,NetBeans,,,L1791482155,NONE,0.6572,,False,NetBeans Eclipse Comparision,"<span style=""color: #9A14B2; font-weight: bold"">NetBeans:[OBJECT_A]</span> <span style=""color: #6CB219; font-weight: bold"">Eclipse:[OBJECT_B]</span> Comparision",*NetBeans* §Eclipse$ Comparision,compsci
124,False,1/11/2018 17:40:03,3,1534176955,finalized,PHP,,JavaScript,N,,E697356712,NONE,0.6726,,True,"Faster debugging (local and remote), integrated PHP and JavaScript debugging, profiling, code inspection & quick fix, test generation & reporting","Faster debugging (local and remote), integrated <span style=""color: #9A14B2; font-weight: bold"">PHP:[OBJECT_A]</span> and <span style=""color: #6CB219; font-weight: bold"">JavaScript:[OBJECT_B]</span> debugging, profiling, code inspection & quick fix, test generation & reporting","Faster debugging (local and remote), integrated *PHP* and §JavaScript$ debugging, profiling, code inspection & quick fix, test generation & reporting",compsci
20,False,1/12/2018 13:38:50,3,1543286528,finalized,soup,,pizza,,O,R2836502183,OTHER,0.6692,,True,"This is because the ingredients used in pizza Hut set lunch will likely cost more, and its soup is better than that of Delifrance.","This is because the ingredients used in <span style=""color: #9A14B2; font-weight: bold"">pizza:[OBJECT_A]</span> Hut set lunch will likely cost more, and its <span style=""color: #6CB219; font-weight: bold"">soup:[OBJECT_B]</span> is better than that of Delifrance.","This is because the ingredients used in *pizza* Hut set lunch will likely cost more, and its §soup$ is better than that of Delifrance.",jbt
138,False,1/12/2018 18:49:24,3,1543286648,finalized,tea,,juice,,N,F737449169,NONE,0.6808,,True,"For an easier mixer, combine the Matcha tea/peach juice with carbonated water, to taste.","For an easier mixer, combine the Matcha <span style=""color: #9A14B2; font-weight: bold"">tea:[OBJECT_A]</span>/peach <span style=""color: #6CB219; font-weight: bold"">juice:[OBJECT_B]</span> with carbonated water, to taste.","For an easier mixer, combine the Matcha *tea*/peach §juice$ with carbonated water, to taste.",jbt
390,False,1/11/2018 19:16:58,3,1534177226,finalized,Java,,Ruby,,,M1996507245,OTHER,0.6397,,False,PHP vs Java vs Ruby,"PHP vs <span style=""color: #9A14B2; font-weight: bold"">Java:[OBJECT_A]</span> vs <span style=""color: #6CB219; font-weight: bold"">Ruby:[OBJECT_B]</span>",PHP vs *Java* vs §Ruby$,compsci
382,False,1/12/2018 17:49:52,3,1543286893,finalized,wii,,ps3,,,Q2627704040,BETTER,1.0,,True,The ps3 MOVE is just the wii with better graphics.,"The <span style=""color: #9A14B2; font-weight: bold"">ps3:[OBJECT_A]</span> MOVE is just the <span style=""color: #6CB219; font-weight: bold"">wii:[OBJECT_B]</span> with better graphics.",The *ps3* MOVE is just the §wii$ with better graphics.,jbt
395,False,1/5/2018 17:13:37,3,1532714777,finalized,Dell,,Hewlett-Packard,,,G935189765,OTHER,0.6813,,True,"Hewlett-Packard, Dell and Samsung marched off to war with bold ""it'll all be over by Christmas""-style boasts of how they'd all build a better tablet than Apple.","<span style=""color: #9A14B2; font-weight: bold"">Hewlett-Packard:[OBJECT_A]</span>, <span style=""color: #6CB219; font-weight: bold"">Dell:[OBJECT_B]</span> and Samsung marched off to war with bold ""it'll all be over by Christmas""-style boasts of how they'd all build a better tablet than Apple.","*Hewlett-Packard*, §Dell$ and Samsung marched off to war with bold ""it'll all be over by Christmas""-style boasts of how they'd all build a better tablet than Apple.",brands
252,False,1/12/2018 16:07:25,3,1543286762,finalized,california,,pennsylvania,,,D440848821,WORSE,1.0,,True,california is doing worse than pennsylvania and Ohio ... the two Rust Belt states that have figured prominently in the presidential primary elections because of their lost manufacturing jobs.,"<span style=""color: #9A14B2; font-weight: bold"">california:[OBJECT_A]</span> is doing worse than <span style=""color: #6CB219; font-weight: bold"">pennsylvania:[OBJECT_B]</span> and Ohio ... the two Rust Belt states that have figured prominently in the presidential primary elections because of their lost manufacturing jobs.",*california* is doing worse than §pennsylvania$ and Ohio ... the two Rust Belt states that have figured prominently in the presidential primary elections because of their lost manufacturing jobs.,jbt
342,False,1/12/2018 17:46:43,3,1543286853,finalized,basketball,,golf,,,K1706854073,NONE,1.0,,False,"Men's golf, men's basketball","Men's <span style=""color: #9A14B2; font-weight: bold"">golf:[OBJECT_A]</span>, men's <span style=""color: #6CB219; font-weight: bold"">basketball:[OBJECT_B]</span>","Men's *golf*, men's §basketball$",jbt
264,False,1/12/2018 19:15:03,3,1543286774,finalized,fox,,espn,,,F738918155,NONE,1.0,,True,"For better or worse, like it or not, cliché upon cliché from the fox, espn & TNT booths, the sport has evolved into an entertainment business.","For better or worse, like it or not, cliché upon cliché from the <span style=""color: #9A14B2; font-weight: bold"">fox:[OBJECT_A]</span>, <span style=""color: #6CB219; font-weight: bold"">espn:[OBJECT_B]</span> & TNT booths, the sport has evolved into an entertainment business.","For better or worse, like it or not, cliché upon cliché from the *fox*, §espn$ & TNT booths, the sport has evolved into an entertainment business.",jbt
288,False,1/11/2018 20:00:10,3,1534177120,finalized,Perl,,AWK,,,J1436453610,NONE,1.0,,True,"It's a lot easier to install everything then get emacs, gcc, gdb, Perl, utilitys such as grep and AWK, not to mention the servers it comes with like Apache and MySQL if you want to try something out quick.","It's a lot easier to install everything then get emacs, gcc, gdb, <span style=""color: #9A14B2; font-weight: bold"">Perl:[OBJECT_A]</span>, utilitys such as grep and <span style=""color: #6CB219; font-weight: bold"">AWK:[OBJECT_B]</span>, not to mention the servers it comes with like Apache and MySQL if you want to try something out quick.","It's a lot easier to install everything then get emacs, gcc, gdb, *Perl*, utilitys such as grep and §AWK$, not to mention the servers it comes with like Apache and MySQL if you want to try something out quick.",compsci
110,False,1/5/2018 17:15:26,3,1532714489,finalized,Google,,Sony,B,,Q2717226477,BETTER,1.0,,True,The Sony Xperia S kept pace with the Galaxy Nexus and even loaded some websites faster than the pure Google flagship phone.,"The <span style=""color: #9A14B2; font-weight: bold"">Sony:[OBJECT_A]</span> Xperia S kept pace with the Galaxy Nexus and even loaded some websites faster than the pure <span style=""color: #6CB219; font-weight: bold"">Google:[OBJECT_B]</span> flagship phone.",The *Sony* Xperia S kept pace with the Galaxy Nexus and even loaded some websites faster than the pure §Google$ flagship phone.,brands
