id,assigned_class,assigned_class:confidence,label,new_sentence,sentence,_golden,_unit_state,_trusted_judgments,_last_judgment_at
1445637774,NO_COMP,1,NO_COMP,"<span style=""color: #9A14B2; font-weight: bold"">python:[OBJECT_A]</span>, and <span style=""color: #6CB219; font-weight: bold"">ruby:[OBJECT_B]</span>, too) undoubtedly influenced people's votes when it","OBJECT_A, and OBJECT_B, too) undoubtedly influenced people's votes when it",false,finalized,3,11/10/2017 13:41:19
1445637775,NO_COMP,1,NO_COMP,"I'd go with <span style=""color: #9A14B2; font-weight: bold"">python:[OBJECT_A]</span> or <span style=""color: #6CB219; font-weight: bold"">ruby:[OBJECT_B]</span>.",I'd go with OBJECT_A or OBJECT_B.,false,finalized,4,11/10/2017 13:43:53
1445637776,NO_COMP,1,NO_COMP,"This is potentially useful for <span style=""color: #9A14B2; font-weight: bold"">python:[OBJECT_A]</span>, PHP, JS and <span style=""color: #6CB219; font-weight: bold"">ruby:[OBJECT_B]</span>.","This is potentially useful for OBJECT_A, PHP, JS and OBJECT_B.",false,finalized,3,11/10/2017 13:45:29
1445637777,NO_COMP,0.6562,NO_COMP,"And your other server languages like <span style=""color: #9A14B2; font-weight: bold"">python:[OBJECT_A]</span>, PHP, <span style=""color: #6CB219; font-weight: bold"">ruby:[OBJECT_B]</span>, etc.","And your other server languages like OBJECT_A, PHP, OBJECT_B, etc.",false,finalized,3,11/10/2017 13:44:29
1445637778,NO_COMP,0.6916,NO_COMP,"Java learned a lot from <span style=""color: #9A14B2; font-weight: bold"">ruby:[OBJECT_A]</span>, <span style=""color: #6CB219; font-weight: bold"">python:[OBJECT_B]</span> and even C#.","Java learned a lot from OBJECT_A, OBJECT_B and even C#.",false,finalized,3,11/10/2017 13:42:11
1445637779,NO_COMP,1,NO_COMP,"<span style=""color: #9A14B2; font-weight: bold"">python:[OBJECT_A]</span>/<span style=""color: #6CB219; font-weight: bold"">ruby:[OBJECT_B]</span>/Groovy/Perl is:",OBJECT_A/OBJECT_B/Groovy/Perl is:,false,finalized,3,11/10/2017 13:44:25
1445637780,NO_COMP,1,NO_COMP,"Java, <span style=""color: #9A14B2; font-weight: bold"">ruby:[OBJECT_A]</span>, <span style=""color: #6CB219; font-weight: bold"">python:[OBJECT_B]</span>, Perl, also all work.","Java, OBJECT_A, OBJECT_B, Perl, also all work.",false,finalized,3,11/10/2017 13:42:48
1445637781,NO_COMP,1,NO_COMP,"highlighting mzscheme, perl, <span style=""color: #9A14B2; font-weight: bold"">python:[OBJECT_A]</span>, and <span style=""color: #6CB219; font-weight: bold"">ruby:[OBJECT_B]</span> by default.","highlighting mzscheme, perl, OBJECT_A, and OBJECT_B by default.",false,finalized,3,11/10/2017 13:43:47
1445637782,NO_COMP,1,NO_COMP,"Highly skilled in Perl, PHP, <span style=""color: #9A14B2; font-weight: bold"">python:[OBJECT_A]</span>, <span style=""color: #6CB219; font-weight: bold"">ruby:[OBJECT_B]</span> programming languages.","Highly skilled in Perl, PHP, OBJECT_A, OBJECT_B programming languages.",false,finalized,4,11/10/2017 13:46:52
1445637783,NO_COMP,1,NO_COMP,"<span style=""color: #9A14B2; font-weight: bold"">python:[OBJECT_A]</span>, java, <span style=""color: #6CB219; font-weight: bold"">ruby:[OBJECT_B]</span>, php, javascript","OBJECT_A, java, OBJECT_B, php, javascript",false,finalized,3,11/10/2017 13:44:29
1445637784,NO_COMP,1,NO_COMP,"So it comes down to <span style=""color: #9A14B2; font-weight: bold"">ruby:[OBJECT_A]</span> and <span style=""color: #6CB219; font-weight: bold"">python:[OBJECT_B]</span>.",So it comes down to OBJECT_A and OBJECT_B.,false,finalized,3,11/10/2017 13:44:52
1445637785,NO_COMP,1,NO_COMP,"<span style=""color: #9A14B2; font-weight: bold"">ruby:[OBJECT_A]</span>, <span style=""color: #6CB219; font-weight: bold"">python:[OBJECT_B]</span> Compiled languages - e.g.","OBJECT_A, OBJECT_B Compiled languages - e.g.",false,finalized,3,11/10/2017 13:42:54
1445637786,NO_COMP,1,NO_COMP,"However, there is <span style=""color: #9A14B2; font-weight: bold"">python:[OBJECT_A]</span> and <span style=""color: #6CB219; font-weight: bold"">ruby:[OBJECT_B]</span> Rails to consider.","However, there is OBJECT_A and OBJECT_B Rails to consider.",false,finalized,4,11/10/2017 13:44:13
1445637787,NO_COMP,1,NO_COMP,"Perl, <span style=""color: #9A14B2; font-weight: bold"">ruby:[OBJECT_A]</span>, <span style=""color: #6CB219; font-weight: bold"">python:[OBJECT_B]</span>, and Unix shell scripts are also used.","Perl, OBJECT_A, OBJECT_B, and Unix shell scripts are also used.",false,finalized,3,11/10/2017 13:38:40
1445637788,NO_COMP,1,NO_COMP,"Possibly <span style=""color: #9A14B2; font-weight: bold"">python:[OBJECT_A]</span> or <span style=""color: #6CB219; font-weight: bold"">ruby:[OBJECT_B]</span>.",Possibly OBJECT_A or OBJECT_B.,false,finalized,3,11/10/2017 13:46:53
1445637789,NO_COMP,1,NO_COMP,"Groovy, Perl, <span style=""color: #9A14B2; font-weight: bold"">ruby:[OBJECT_A]</span>, <span style=""color: #6CB219; font-weight: bold"">python:[OBJECT_B]</span>, Bash).","Groovy, Perl, OBJECT_A, OBJECT_B, Bash).",false,finalized,3,11/10/2017 13:44:52
1445637790,NO_COMP,0.7334,NO_COMP,"Speed: similar to Perl, <span style=""color: #9A14B2; font-weight: bold"">python:[OBJECT_A]</span>, <span style=""color: #6CB219; font-weight: bold"">ruby:[OBJECT_B]</span>.","Speed: similar to Perl, OBJECT_A, OBJECT_B.",false,finalized,4,11/10/2017 13:46:52
1445637791,NO_COMP,1,NO_COMP,"Drop it immediately and start learning PHP, <span style=""color: #9A14B2; font-weight: bold"">python:[OBJECT_A]</span>, or <span style=""color: #6CB219; font-weight: bold"">ruby:[OBJECT_B]</span>.","Drop it immediately and start learning PHP, OBJECT_A, or OBJECT_B.",false,finalized,4,11/10/2017 13:43:53
1445637792,NO_COMP,1,NO_COMP,"language such as JavaScript, <span style=""color: #9A14B2; font-weight: bold"">ruby:[OBJECT_A]</span>, <span style=""color: #6CB219; font-weight: bold"">python:[OBJECT_B]</span>, Groovy, etc.).","language such as JavaScript, OBJECT_A, OBJECT_B, Groovy, etc.).",false,finalized,3,11/10/2017 13:43:47
1445637793,NO_COMP,1,NO_COMP,"PHP, <span style=""color: #9A14B2; font-weight: bold"">ruby:[OBJECT_A]</span>, or <span style=""color: #6CB219; font-weight: bold"">python:[OBJECT_B]</span>?","PHP, OBJECT_A, or OBJECT_B?",false,finalized,3,11/10/2017 13:42:14
1445637794,BETTER,1,BETTER,"I prefer <span style=""color: #9A14B2; font-weight: bold"">ruby:[OBJECT_A]</span> over <span style=""color: #6CB219; font-weight: bold"">python:[OBJECT_B]</span> on windows.",I prefer OBJECT_A over OBJECT_B on windows.,false,finalized,3,11/10/2017 13:40:16
1445637795,NO_COMP,1,NO_COMP,"Perl, <span style=""color: #9A14B2; font-weight: bold"">python:[OBJECT_A]</span>, PHP, <span style=""color: #6CB219; font-weight: bold"">ruby:[OBJECT_B]</span>), forking isn't a problem.","Perl, OBJECT_A, PHP, OBJECT_B), forking isn't a problem.",false,finalized,3,11/10/2017 13:36:57
1445637796,NO_COMP,1,NO_COMP,"Perl, <span style=""color: #9A14B2; font-weight: bold"">ruby:[OBJECT_A]</span>, <span style=""color: #6CB219; font-weight: bold"">python:[OBJECT_B]</span> and C# are good ones.","Perl, OBJECT_A, OBJECT_B and C# are good ones.",false,finalized,3,11/10/2017 13:43:01
1445637797,NO_COMP,1,NO_COMP,"I have a extrange problem compiling <span style=""color: #9A14B2; font-weight: bold"">python:[OBJECT_A]</span>/<span style=""color: #6CB219; font-weight: bold"">ruby:[OBJECT_B]</span> extension.",I have a extrange problem compiling OBJECT_A/OBJECT_B extension.,false,finalized,3,11/10/2017 13:49:08
1445637798,NO_COMP,1,NO_COMP,"Scripting- <span style=""color: #9A14B2; font-weight: bold"">ruby:[OBJECT_A]</span>, <span style=""color: #6CB219; font-weight: bold"">python:[OBJECT_B]</span>, Perl, PowerShell.","Scripting- OBJECT_A, OBJECT_B, Perl, PowerShell.",false,finalized,3,11/10/2017 13:46:53
1445637799,WORSE,0.6676,UNCLEAR,"While <span style=""color: #9A14B2; font-weight: bold"">ruby:[OBJECT_A]</span> is slightly faster, <span style=""color: #6CB219; font-weight: bold"">python:[OBJECT_B]</span> utilises memory better.","While OBJECT_A is slightly faster, OBJECT_B utilises memory better.",false,finalized,3,11/10/2017 14:08:40
1445637800,NO_COMP,0.6595,NO_COMP,"A <span style=""color: #9A14B2; font-weight: bold"">python:[OBJECT_A]</span>/<span style=""color: #6CB219; font-weight: bold"">ruby:[OBJECT_B]</span> script might work better for this....",A OBJECT_A/OBJECT_B script might work better for this....,false,finalized,3,11/10/2017 13:49:56
1445637801,NO_COMP,0.6669,NO_COMP,"That's because a lot of those applications may not even be written in D or have anything to do with D, like the mass of stuff written in dynamic languages like perl, <span style=""color: #9A14B2; font-weight: bold"">python:[OBJECT_A]</span>, <span style=""color: #6CB219; font-weight: bold"">ruby:[OBJECT_B]</span>, etc.","That's because a lot of those applications may not even be written in D or have anything to do with D, like the mass of stuff written in dynamic languages like perl, OBJECT_A, OBJECT_B, etc.",false,finalized,3,11/10/2017 15:05:43
1445637802,NO_COMP,0.6441,NO_COMP,"The script uses SQLite3 as a backend, because bash is not good with arrays, and because I'm not good with Perl/<span style=""color: #9A14B2; font-weight: bold"">python:[OBJECT_A]</span>/<span style=""color: #6CB219; font-weight: bold"">ruby:[OBJECT_B]</span>.","The script uses SQLite3 as a backend, because bash is not good with arrays, and because I'm not good with Perl/OBJECT_A/OBJECT_B.",false,finalized,3,11/10/2017 13:43:47
1445637803,UNCLEAR,0.6427,NO_COMP,"Immutability fits into this complex because in <span style=""color: #9A14B2; font-weight: bold"">python:[OBJECT_A]</span>/Perl/<span style=""color: #6CB219; font-weight: bold"">ruby:[OBJECT_B]</span>/other languages I often solve this with some form of monkeypatching, which is a form of mutability.","Immutability fits into this complex because in OBJECT_A/Perl/OBJECT_B/other languages I often solve this with some form of monkeypatching, which is a form of mutability.",false,finalized,3,11/10/2017 13:43:27
1445637804,NO_COMP,0.685,NO_COMP,"There are much better alternatives (<span style=""color: #9A14B2; font-weight: bold"">python:[OBJECT_A]</span>, <span style=""color: #6CB219; font-weight: bold"">ruby:[OBJECT_B]</span>).","There are much better alternatives (OBJECT_A, OBJECT_B).",false,finalized,3,11/10/2017 13:33:27
1445637805,UNCLEAR,0.697,NO_COMP,"Your C# and VB devs can suddenly easily write web apps and your <span style=""color: #9A14B2; font-weight: bold"">python:[OBJECT_A]</span> and <span style=""color: #6CB219; font-weight: bold"">ruby:[OBJECT_B]</span> devs can too - with the added bonus of much better performance.",Your C# and VB devs can suddenly easily write web apps and your OBJECT_A and OBJECT_B devs can too - with the added bonus of much better performance.,false,finalized,3,11/10/2017 14:02:32
1445637806,NO_COMP,0.6879,NO_COMP,"Maybe we should stop using languages like <span style=""color: #9A14B2; font-weight: bold"">python:[OBJECT_A]</span>, <span style=""color: #6CB219; font-weight: bold"">ruby:[OBJECT_B]</span> and Perl because they're ""slow"".","Maybe we should stop using languages like OBJECT_A, OBJECT_B and Perl because they're ""slow"".",false,finalized,3,11/10/2017 13:44:48
1445637807,NO_COMP,1,NO_COMP,"He raises the point that runtime libraries for <span style=""color: #9A14B2; font-weight: bold"">python:[OBJECT_A]</span> / <span style=""color: #6CB219; font-weight: bold"">ruby:[OBJECT_B]</span> etc have a unique set of issues because they tend to have their own packaging systems.",He raises the point that runtime libraries for OBJECT_A / OBJECT_B etc have a unique set of issues because they tend to have their own packaging systems.,false,finalized,3,11/10/2017 13:49:08
1445637808,NO_COMP,0.6275,NO_COMP,"But maybe that's just because I'm not used to seeing <span style=""color: #9A14B2; font-weight: bold"">ruby:[OBJECT_A]</span>, just as you're not used to seeing <span style=""color: #6CB219; font-weight: bold"">python:[OBJECT_B]</span> code.","But maybe that's just because I'm not used to seeing OBJECT_A, just as you're not used to seeing OBJECT_B code.",false,finalized,3,11/10/2017 13:41:56
1445637809,BETTER,1,BETTER,"I guess that's fair because the implementation might be done better in <span style=""color: #9A14B2; font-weight: bold"">python:[OBJECT_A]</span> than it was in <span style=""color: #6CB219; font-weight: bold"">ruby:[OBJECT_B]</span>.",I guess that's fair because the implementation might be done better in OBJECT_A than it was in OBJECT_B.,false,finalized,3,11/10/2017 13:46:14
1445637810,WORSE,0.662,BETTER,"I'm not totally convinced the debugging tools for Perl, <span style=""color: #9A14B2; font-weight: bold"">python:[OBJECT_A]</span> or PHP are substantially better than <span style=""color: #6CB219; font-weight: bold"">ruby:[OBJECT_B]</span>, even if they are slightly better.","I'm not totally convinced the debugging tools for Perl, OBJECT_A or PHP are substantially better than OBJECT_B, even if they are slightly better.",false,finalized,3,11/10/2017 13:41:19
1445637811,NO_COMP,0.7445,NO_COMP,"Agile development is the most popular model at the moment because of architectures like <span style=""color: #9A14B2; font-weight: bold"">ruby:[OBJECT_A]</span> on Rails and Django (for <span style=""color: #6CB219; font-weight: bold"">python:[OBJECT_B]</span>).",Agile development is the most popular model at the moment because of architectures like OBJECT_A on Rails and Django (for OBJECT_B).,false,finalized,4,11/10/2017 13:44:19
1445637812,WORSE,1,WORSE,"In addition the comparison on multi-core machines is also flawed because <span style=""color: #9A14B2; font-weight: bold"">ruby:[OBJECT_A]</span> code uses only one CPU whereas <span style=""color: #6CB219; font-weight: bold"">python:[OBJECT_B]</span> uses all four due to use of multiprocessing library.",In addition the comparison on multi-core machines is also flawed because OBJECT_A code uses only one CPU whereas OBJECT_B uses all four due to use of multiprocessing library.,false,finalized,3,11/10/2017 13:46:34
1445637813,WORSE,1,WORSE,"<span style=""color: #9A14B2; font-weight: bold"">ruby:[OBJECT_A]</span> is even worse than <span style=""color: #6CB219; font-weight: bold"">python:[OBJECT_B]</span>.",OBJECT_A is even worse than OBJECT_B.,false,finalized,3,11/10/2017 13:38:39
1445637814,NO_COMP,1,NO_COMP,"Perl, <span style=""color: #9A14B2; font-weight: bold"">python:[OBJECT_A]</span>, and <span style=""color: #6CB219; font-weight: bold"">ruby:[OBJECT_B]</span> were successful because their creators were good coders with clear goals, who shipped useful programs.","Perl, OBJECT_A, and OBJECT_B were successful because their creators were good coders with clear goals, who shipped useful programs.",false,finalized,3,11/10/2017 13:44:52
1445637815,NO_COMP,1,NO_COMP,"<span style=""color: #9A14B2; font-weight: bold"">python:[OBJECT_A]</span> and <span style=""color: #6CB219; font-weight: bold"">ruby:[OBJECT_B]</span> were much more recently the ""hot new thing"" and have gotten a lot more attention in the last decade or so because of that.","OBJECT_A and OBJECT_B were much more recently the ""hot new thing"" and have gotten a lot more attention in the last decade or so because of that.",false,finalized,3,11/10/2017 13:41:19
1445637816,WORSE,1,WORSE,"I've tried <span style=""color: #9A14B2; font-weight: bold"">python:[OBJECT_A]</span>, and can see why people like it, but <span style=""color: #6CB219; font-weight: bold"">ruby:[OBJECT_B]</span> suits my style better.","I've tried OBJECT_A, and can see why people like it, but OBJECT_B suits my style better.",false,finalized,3,11/10/2017 13:49:08
1445637817,NO_COMP,1,NO_COMP,"<span style=""color: #9A14B2; font-weight: bold"">python:[OBJECT_A]</span> and <span style=""color: #6CB219; font-weight: bold"">ruby:[OBJECT_B]</span> are languages competing for a similar bracket, so they will always appear to be ""converging,"" because smart people are finding the key features.","OBJECT_A and OBJECT_B are languages competing for a similar bracket, so they will always appear to be ""converging,"" because smart people are finding the key features.",false,finalized,3,11/10/2017 13:49:56
1445637818,NO_COMP,0.6667,NO_COMP,"I started with OO languages (<span style=""color: #9A14B2; font-weight: bold"">python:[OBJECT_A]</span> & <span style=""color: #6CB219; font-weight: bold"">ruby:[OBJECT_B]</span>) because people recommend them, and they seem to be relatively easy to get started with.","I started with OO languages (OBJECT_A & OBJECT_B) because people recommend them, and they seem to be relatively easy to get started with.",false,finalized,3,11/10/2017 13:41:38
1445637819,WORSE,0.5045,NO_COMP,"Unfortunately, when it comes to potential projects <span style=""color: #9A14B2; font-weight: bold"">ruby:[OBJECT_A]</span> suffers because it's similarity to <span style=""color: #6CB219; font-weight: bold"">python:[OBJECT_B]</span>.","Unfortunately, when it comes to potential projects OBJECT_A suffers because it's similarity to OBJECT_B.",false,finalized,4,11/10/2017 13:44:17
1445637820,NO_COMP,1,NO_COMP,"It is worth noting that because the APIs use the standard HTTP protocol you can easily work with them from any programming language including C#, Java, <span style=""color: #9A14B2; font-weight: bold"">ruby:[OBJECT_A]</span>, <span style=""color: #6CB219; font-weight: bold"">python:[OBJECT_B]</span>, Perl, PHP and others.","It is worth noting that because the APIs use the standard HTTP protocol you can easily work with them from any programming language including C#, Java, OBJECT_A, OBJECT_B, Perl, PHP and others.",false,finalized,3,11/10/2017 13:42:11
1445637821,NO_COMP,1,NO_COMP,"With dynamically typed languages, like PHP, <span style=""color: #9A14B2; font-weight: bold"">python:[OBJECT_A]</span>, <span style=""color: #6CB219; font-weight: bold"">ruby:[OBJECT_B]</span>, your development will be much faster, but you will have to test your code much better.","With dynamically typed languages, like PHP, OBJECT_A, OBJECT_B, your development will be much faster, but you will have to test your code much better.",false,finalized,3,11/10/2017 13:47:59
1445637822,BETTER,1,BETTER,"The only reason <span style=""color: #9A14B2; font-weight: bold"">python:[OBJECT_A]</span> is used over <span style=""color: #6CB219; font-weight: bold"">ruby:[OBJECT_B]</span>, is because of libraries...","The only reason OBJECT_A is used over OBJECT_B, is because of libraries...",false,finalized,3,11/10/2017 13:44:49
1445637823,NO_COMP,1,NO_COMP,"And now that MS has support for <span style=""color: #9A14B2; font-weight: bold"">python:[OBJECT_A]</span> and <span style=""color: #6CB219; font-weight: bold"">ruby:[OBJECT_B]</span>, they are as evil as before but also stupid, because that means they don't have any direction to give to the community.","And now that MS has support for OBJECT_A and OBJECT_B, they are as evil as before but also stupid, because that means they don't have any direction to give to the community.",false,finalized,3,11/10/2017 13:44:17
1445637824,BETTER,0.6842,BETTER,"a sequence reserve can be simply: s.reverse etc. if you use databases: <span style=""color: #9A14B2; font-weight: bold"">ruby:[OBJECT_A]</span> database binding API is arguably better than <span style=""color: #6CB219; font-weight: bold"">python:[OBJECT_B]</span>.",a sequence reserve can be simply: s.reverse etc. if you use databases: OBJECT_A database binding API is arguably better than OBJECT_B.,false,finalized,3,11/10/2017 13:46:03
1445637825,UNCLEAR,0.6605,NO_COMP,"It comes with an updated XML stack and lets dynamic languages like <span style=""color: #9A14B2; font-weight: bold"">ruby:[OBJECT_A]</span>, Groovy, <span style=""color: #6CB219; font-weight: bold"">python:[OBJECT_B]</span> and JavaScript get better performance running on JVMs.","It comes with an updated XML stack and lets dynamic languages like OBJECT_A, Groovy, OBJECT_B and JavaScript get better performance running on JVMs.",false,finalized,3,11/10/2017 13:44:33
1445637826,NO_COMP,0.6234,NO_COMP,"We will just be a little more conscious,"" because I don't see <span style=""color: #9A14B2; font-weight: bold"">python:[OBJECT_A]</span> or <span style=""color: #6CB219; font-weight: bold"">ruby:[OBJECT_B]</span> as being inevitably slower.","We will just be a little more conscious,"" because I don't see OBJECT_A or OBJECT_B as being inevitably slower.",false,finalized,3,11/10/2017 13:44:17
1445637827,UNCLEAR,0.6522,NO_COMP,"The problem is <span style=""color: #9A14B2; font-weight: bold"">ruby:[OBJECT_A]</span> and <span style=""color: #6CB219; font-weight: bold"">python:[OBJECT_B]</span> are not seen as enterprise ready or fit for anything better than simple applications.",The problem is OBJECT_A and OBJECT_B are not seen as enterprise ready or fit for anything better than simple applications.,false,finalized,3,11/10/2017 13:46:53
1445637828,UNCLEAR,0.5024,NO_COMP,"<span style=""color: #9A14B2; font-weight: bold"">python:[OBJECT_A]</span> and <span style=""color: #6CB219; font-weight: bold"">ruby:[OBJECT_B]</span> perform significantly better.",OBJECT_A and OBJECT_B perform significantly better.,false,finalized,4,11/10/2017 13:42:14
1445637829,NO_COMP,1,NO_COMP,"Yes, I keep on bitchin' on collectors because I should probably spend my free time learning <span style=""color: #9A14B2; font-weight: bold"">python:[OBJECT_A]</span> or <span style=""color: #6CB219; font-weight: bold"">ruby:[OBJECT_B]</span> or something.","Yes, I keep on bitchin' on collectors because I should probably spend my free time learning OBJECT_A or OBJECT_B or something.",false,finalized,3,11/10/2017 13:42:08
1445637830,NO_COMP,1,NO_COMP,"The even better news is that it is actually possible to use a variety of tools: <span style=""color: #9A14B2; font-weight: bold"">python:[OBJECT_A]</span>, <span style=""color: #6CB219; font-weight: bold"">ruby:[OBJECT_B]</span>, shell scripts and R to perform distributed fault tolerant processing of your data on a Hadoop cluster....","The even better news is that it is actually possible to use a variety of tools: OBJECT_A, OBJECT_B, shell scripts and R to perform distributed fault tolerant processing of your data on a Hadoop cluster....",false,finalized,3,11/10/2017 13:46:14
1445637831,NO_COMP,1,NO_COMP,"That hurts because for a company to want a telecommuter bad enough, they'd better bring some serious talent to the table which usually consists of front-end, backend, <span style=""color: #9A14B2; font-weight: bold"">ruby:[OBJECT_A]</span> and <span style=""color: #6CB219; font-weight: bold"">python:[OBJECT_B]</span> experience.","That hurts because for a company to want a telecommuter bad enough, they'd better bring some serious talent to the table which usually consists of front-end, backend, OBJECT_A and OBJECT_B experience.",false,finalized,3,11/10/2017 14:08:40
1445637832,BETTER,0.655,NO_COMP,"So in <span style=""color: #9A14B2; font-weight: bold"">python:[OBJECT_A]</span>, a good programmer will want to take a different route to solving the problem than he would in <span style=""color: #6CB219; font-weight: bold"">ruby:[OBJECT_B]</span>, just because it actually is the better way to do it.","So in OBJECT_A, a good programmer will want to take a different route to solving the problem than he would in OBJECT_B, just because it actually is the better way to do it.",false,finalized,3,11/10/2017 15:05:43
1445637833,NO_COMP,1,NO_COMP,"He also thinks that ""SOAP never caught on because many popular languages were left out such as <span style=""color: #9A14B2; font-weight: bold"">ruby:[OBJECT_A]</span> and <span style=""color: #6CB219; font-weight: bold"">python:[OBJECT_B]</span>.""","He also thinks that ""SOAP never caught on because many popular languages were left out such as OBJECT_A and OBJECT_B.""",false,finalized,3,11/10/2017 13:46:34
1445637834,BETTER,1,BETTER,"I mention all that because I think you've missed an important way in which <span style=""color: #9A14B2; font-weight: bold"">ruby:[OBJECT_A]</span> blocks are more powerful than anything in <span style=""color: #6CB219; font-weight: bold"">python:[OBJECT_B]</span>: a block executes fully within the defining context.",I mention all that because I think you've missed an important way in which OBJECT_A blocks are more powerful than anything in OBJECT_B: a block executes fully within the defining context.,false,finalized,3,11/10/2017 13:43:01
1445637835,NO_COMP,0.6519,NO_COMP,"For better or worse, <span style=""color: #9A14B2; font-weight: bold"">ruby:[OBJECT_A]</span>, <span style=""color: #6CB219; font-weight: bold"">python:[OBJECT_B]</span>, JavaScript and so on have changed how people see programming.","For better or worse, OBJECT_A, OBJECT_B, JavaScript and so on have changed how people see programming.",false,finalized,3,11/10/2017 14:02:32
1445637836,BETTER,1,NO_COMP,"People fight over principles like ""<span style=""color: #9A14B2; font-weight: bold"">ruby:[OBJECT_A]</span> is better than <span style=""color: #6CB219; font-weight: bold"">python:[OBJECT_B]</span>"" or ""you shouldn't write unit test,"" all of which are absolutely absurd.","People fight over principles like ""OBJECT_A is better than OBJECT_B"" or ""you shouldn't write unit test,"" all of which are absolutely absurd.",false,finalized,3,11/10/2017 13:41:56
1445637837,NO_COMP,0.6517,NO_COMP,"Node is a good fit for CouchDB because Couch encourages asynchronous background processes, but people also use <span style=""color: #9A14B2; font-weight: bold"">ruby:[OBJECT_A]</span> / <span style=""color: #6CB219; font-weight: bold"">python:[OBJECT_B]</span> / Java for the same purposes.","Node is a good fit for CouchDB because Couch encourages asynchronous background processes, but people also use OBJECT_A / OBJECT_B / Java for the same purposes.",false,finalized,3,11/10/2017 13:34:18
1445637838,UNCLEAR,1,UNCLEAR,"It is a lot easier to do text parsing in Perl/<span style=""color: #9A14B2; font-weight: bold"">ruby:[OBJECT_A]</span>/<span style=""color: #6CB219; font-weight: bold"">python:[OBJECT_B]</span> than it is in Java or C# (partially because it is a lot easier to use regular expressions).",It is a lot easier to do text parsing in Perl/OBJECT_A/OBJECT_B than it is in Java or C# (partially because it is a lot easier to use regular expressions).,false,finalized,3,11/10/2017 13:44:17
1445637839,NO_COMP,1,NO_COMP,"Wanting to learn more about Google Wave, I ported the Wave Robot <span style=""color: #9A14B2; font-weight: bold"">python:[OBJECT_A]</span> Client library to <span style=""color: #6CB219; font-weight: bold"">ruby:[OBJECT_B]</span>, mainly because I wanted to understand the protocol.","Wanting to learn more about Google Wave, I ported the Wave Robot OBJECT_A Client library to OBJECT_B, mainly because I wanted to understand the protocol.",false,finalized,3,11/10/2017 13:44:49
1445637840,UNCLEAR,0.6985,NO_COMP,"for json: i also think its better to just use <span style=""color: #9A14B2; font-weight: bold"">python:[OBJECT_A]</span>, <span style=""color: #6CB219; font-weight: bold"">ruby:[OBJECT_B]</span>, perl and transform it.","for json: i also think its better to just use OBJECT_A, OBJECT_B, perl and transform it.",false,finalized,3,11/10/2017 13:42:08
1445637841,NO_COMP,0.3573,NO_COMP,"Sitting down with another programming language for a while can open your mind up to other ways of solving problems, and I think I became a better <span style=""color: #9A14B2; font-weight: bold"">python:[OBJECT_A]</span> programmer after spending time in <span style=""color: #6CB219; font-weight: bold"">ruby:[OBJECT_B]</span> land.","Sitting down with another programming language for a while can open your mind up to other ways of solving problems, and I think I became a better OBJECT_A programmer after spending time in OBJECT_B land.",false,finalized,3,11/10/2017 13:43:27
1445637842,NO_COMP,0.6441,NO_COMP,"I think this is very accurate because I see most people that complain against PHP, they are usually somebody that has an agenda to favor some other language... can be <span style=""color: #9A14B2; font-weight: bold"">ruby:[OBJECT_A]</span> or <span style=""color: #6CB219; font-weight: bold"">python:[OBJECT_B]</span>.","I think this is very accurate because I see most people that complain against PHP, they are usually somebody that has an agenda to favor some other language... can be OBJECT_A or OBJECT_B.",false,finalized,3,11/10/2017 13:46:53
1445637843,NO_COMP,0.6771,NO_COMP,"<span style=""color: #9A14B2; font-weight: bold"">ruby:[OBJECT_A]</span> is like perl and <span style=""color: #6CB219; font-weight: bold"">python:[OBJECT_B]</span>, only better, and it is required to run this software.","OBJECT_A is like perl and OBJECT_B, only better, and it is required to run this software.",false,finalized,3,11/10/2017 13:45:06
1445637844,UNCLEAR,0.7808,UNCLEAR,"<span style=""color: #9A14B2; font-weight: bold"">python:[OBJECT_A]</span> and <span style=""color: #6CB219; font-weight: bold"">ruby:[OBJECT_B]</span> are even worse than Java performance wise.",OBJECT_A and OBJECT_B are even worse than Java performance wise.,false,finalized,4,11/10/2017 13:44:17
1445637845,UNCLEAR,1,NO_COMP,"I wonder if they didn't compare themselves to <span style=""color: #9A14B2; font-weight: bold"">ruby:[OBJECT_A]</span> or <span style=""color: #6CB219; font-weight: bold"">python:[OBJECT_B]</span> because they couldn't contrive examples that produce huge LOC differences?",I wonder if they didn't compare themselves to OBJECT_A or OBJECT_B because they couldn't contrive examples that produce huge LOC differences?,false,finalized,3,11/10/2017 13:46:39
1445637846,BETTER,1,BETTER,"For this reason alone, <span style=""color: #9A14B2; font-weight: bold"">python:[OBJECT_A]</span> is clearly better than <span style=""color: #6CB219; font-weight: bold"">ruby:[OBJECT_B]</span> or Perl.","For this reason alone, OBJECT_A is clearly better than OBJECT_B or Perl.",false,finalized,4,11/10/2017 13:44:19
1445637847,UNCLEAR,0.6778,NO_COMP,"Anyway, for this book, geany has been used, mainly because it handles both <span style=""color: #9A14B2; font-weight: bold"">python:[OBJECT_A]</span> and <span style=""color: #6CB219; font-weight: bold"">ruby:[OBJECT_B]</span> (amongst many others), and is rather lightweight.","Anyway, for this book, geany has been used, mainly because it handles both OBJECT_A and OBJECT_B (amongst many others), and is rather lightweight.",false,finalized,3,11/10/2017 13:34:18
1445637848,BETTER,1,BETTER,"I love the language but I'm considering getting better at <span style=""color: #9A14B2; font-weight: bold"">python:[OBJECT_A]</span> just because <span style=""color: #6CB219; font-weight: bold"">ruby:[OBJECT_B]</span> is so slow I feel bad using it for anything serious.",I love the language but I'm considering getting better at OBJECT_A just because OBJECT_B is so slow I feel bad using it for anything serious.,false,finalized,3,11/10/2017 14:08:40
1445637849,NO_COMP,0.6522,NO_COMP,"Modern languages like scala, <span style=""color: #9A14B2; font-weight: bold"">ruby:[OBJECT_A]</span> and maybe <span style=""color: #6CB219; font-weight: bold"">python:[OBJECT_B]</span> are much better at this.","Modern languages like scala, OBJECT_A and maybe OBJECT_B are much better at this.",false,finalized,3,11/10/2017 13:42:59
1445637850,BETTER,1,WORSE,"I usually recommend <span style=""color: #9A14B2; font-weight: bold"">python:[OBJECT_A]</span> over <span style=""color: #6CB219; font-weight: bold"">ruby:[OBJECT_B]</span>, as I prefer it, but in this case it may be better, due to everything inherently being an object.","I usually recommend OBJECT_A over OBJECT_B, as I prefer it, but in this case it may be better, due to everything inherently being an object.",false,finalized,3,11/10/2017 13:49:08
1445637851,NO_COMP,1,NO_COMP,"It's why I mention <span style=""color: #9A14B2; font-weight: bold"">ruby:[OBJECT_A]</span> and <span style=""color: #6CB219; font-weight: bold"">python:[OBJECT_B]</span>, because they've at least heard of them.","It's why I mention OBJECT_A and OBJECT_B, because they've at least heard of them.",false,finalized,3,11/10/2017 13:41:38
1445637852,NO_COMP,0.6659,NO_COMP,"And so you have many programmers choosing to use <span style=""color: #9A14B2; font-weight: bold"">python:[OBJECT_A]</span> or <span style=""color: #6CB219; font-weight: bold"">ruby:[OBJECT_B]</span> because good libraries exist there for solving modern problems.",And so you have many programmers choosing to use OBJECT_A or OBJECT_B because good libraries exist there for solving modern problems.,false,finalized,3,11/10/2017 13:32:14
1445637853,UNCLEAR,0.6229,UNCLEAR,"<span style=""color: #9A14B2; font-weight: bold"">python:[OBJECT_A]</span> or <span style=""color: #6CB219; font-weight: bold"">ruby:[OBJECT_B]</span> may actually help promote better programming practices, but they aren't as accessible as PHP in terms of examples, online docs and tutorials, and hosting is not as easy.","OBJECT_A or OBJECT_B may actually help promote better programming practices, but they aren't as accessible as PHP in terms of examples, online docs and tutorials, and hosting is not as easy.",false,finalized,3,11/10/2017 13:36:57
1445637854,WORSE,0.6627,WORSE,"<span style=""color: #9A14B2; font-weight: bold"">python:[OBJECT_A]</span> would have also been a good choice but IMO it is an inferior language compared to <span style=""color: #6CB219; font-weight: bold"">ruby:[OBJECT_B]</span>.",OBJECT_A would have also been a good choice but IMO it is an inferior language compared to OBJECT_B.,false,finalized,3,11/10/2017 13:46:52
1445637855,NO_COMP,0.6669,NO_COMP,"Got a good job writing C++? Hopefully you also know some Java, or better yet some <span style=""color: #9A14B2; font-weight: bold"">python:[OBJECT_A]</span>, <span style=""color: #6CB219; font-weight: bold"">ruby:[OBJECT_B]</span> or some other higher level scripting language.","Got a good job writing C++? Hopefully you also know some Java, or better yet some OBJECT_A, OBJECT_B or some other higher level scripting language.",false,finalized,3,11/10/2017 15:05:43
1445637856,WORSE,1,WORSE,"I'd been kind of hoping Apple would dump AppleScript and switch over to <span style=""color: #9A14B2; font-weight: bold"">ruby:[OBJECT_A]</span> or (even better) <span style=""color: #6CB219; font-weight: bold"">python:[OBJECT_B]</span> as the official AppleEvent scripting language [1].",I'd been kind of hoping Apple would dump AppleScript and switch over to OBJECT_A or (even better) OBJECT_B as the official AppleEvent scripting language [1].,false,finalized,3,11/10/2017 14:08:40
1445637857,NO_COMP,0.6879,NO_COMP,"I'd go so far as to say <span style=""color: #9A14B2; font-weight: bold"">ruby:[OBJECT_A]</span> and <span style=""color: #6CB219; font-weight: bold"">python:[OBJECT_B]</span> aren't either, though both are very powerful and are better suited to some tasks than Java.","I'd go so far as to say OBJECT_A and OBJECT_B aren't either, though both are very powerful and are better suited to some tasks than Java.",false,finalized,3,11/10/2017 13:44:48
1445637858,NO_COMP,0.7015,NO_COMP,"Proves Superior to <span style=""color: #9A14B2; font-weight: bold"">ruby:[OBJECT_A]</span>, <span style=""color: #6CB219; font-weight: bold"">python:[OBJECT_B]</span>, Perl and Other Dynamic Programming Languages","Proves Superior to OBJECT_A, OBJECT_B, Perl and Other Dynamic Programming Languages",false,finalized,3,11/10/2017 13:45:10
1445637859,UNCLEAR,0.7748,NO_COMP,"I'm a huge <span style=""color: #9A14B2; font-weight: bold"">python:[OBJECT_A]</span>/Django & <span style=""color: #6CB219; font-weight: bold"">ruby:[OBJECT_B]</span>/Rails fan, but I will never stop using PHP because it is so broadly accepted and supported.","I'm a huge OBJECT_A/Django & OBJECT_B/Rails fan, but I will never stop using PHP because it is so broadly accepted and supported.",false,finalized,4,11/10/2017 13:42:57
1445637860,NO_COMP,0.6678,NO_COMP,"<span style=""color: #9A14B2; font-weight: bold"">python:[OBJECT_A]</span> and <span style=""color: #6CB219; font-weight: bold"">ruby:[OBJECT_B]</span> support features of orthogonality, maintainability, etc. even better, in many respects.","OBJECT_A and OBJECT_B support features of orthogonality, maintainability, etc. even better, in many respects.",false,finalized,3,11/10/2017 13:38:40
1445637861,NO_COMP,0.6771,UNCLEAR,"Your argument of awk being the ""underlanguage"" and not suitable for the job because you think that only Perl/<span style=""color: #9A14B2; font-weight: bold"">python:[OBJECT_A]</span>/<span style=""color: #6CB219; font-weight: bold"">ruby:[OBJECT_B]</span> can do the job is flawed and weak.","Your argument of awk being the ""underlanguage"" and not suitable for the job because you think that only Perl/OBJECT_A/OBJECT_B can do the job is flawed and weak.",false,finalized,3,11/10/2017 13:45:06
1445637862,BETTER,1,BETTER,"<span style=""color: #9A14B2; font-weight: bold"">ruby:[OBJECT_A]</span> has RDoc , and it looks better than anything I've seen in <span style=""color: #6CB219; font-weight: bold"">python:[OBJECT_B]</span>.","OBJECT_A has RDoc , and it looks better than anything I've seen in OBJECT_B.",false,finalized,3,11/10/2017 13:45:34
1445637863,NO_COMP,0.6361,NO_COMP,"You might be better served learning a language like Objective-C, <span style=""color: #9A14B2; font-weight: bold"">python:[OBJECT_A]</span>, <span style=""color: #6CB219; font-weight: bold"">ruby:[OBJECT_B]</span> or even Unix shell-scripting, which are more useful for creating useful code on modern computer systems.","You might be better served learning a language like Objective-C, OBJECT_A, OBJECT_B or even Unix shell-scripting, which are more useful for creating useful code on modern computer systems.",false,finalized,3,11/10/2017 13:45:49
1445637864,BETTER,0.7141,UNCLEAR,"Any sources that discuss the pros and cons of each or why it would be better to do X in <span style=""color: #9A14B2; font-weight: bold"">ruby:[OBJECT_A]</span> rather than <span style=""color: #6CB219; font-weight: bold"">python:[OBJECT_B]</span>?",Any sources that discuss the pros and cons of each or why it would be better to do X in OBJECT_A rather than OBJECT_B?,false,finalized,3,11/10/2017 13:45:49
1445637865,NO_COMP,1,NO_COMP,"Perl isn't dying because the competition, namely <span style=""color: #9A14B2; font-weight: bold"">python:[OBJECT_A]</span> and <span style=""color: #6CB219; font-weight: bold"">ruby:[OBJECT_B]</span>, is itself idiosyncratic,"" Hyperlogos blogger Martin Espinoza opined.","Perl isn't dying because the competition, namely OBJECT_A and OBJECT_B, is itself idiosyncratic, Hyperlogos blogger Martin Espinoza opined.",false,finalized,3,11/10/2017 13:42:34
1445637866,NO_COMP,0.6771,NO_COMP,"Today? You'll build a better app in less time and with fewer people using <span style=""color: #9A14B2; font-weight: bold"">python:[OBJECT_A]</span> with Django or <span style=""color: #6CB219; font-weight: bold"">ruby:[OBJECT_B]</span> on Rails.",Today? You'll build a better app in less time and with fewer people using OBJECT_A with Django or OBJECT_B on Rails.,false,finalized,3,11/10/2017 13:45:06
1445637867,BETTER,0.7141,BETTER,"One of them ( Jan rather than Andrzej ) was of the opinion that <span style=""color: #9A14B2; font-weight: bold"">ruby:[OBJECT_A]</span> was more object oriented than <span style=""color: #6CB219; font-weight: bold"">python:[OBJECT_B]</span> because you are able tack methods onto the built-in classes.",One of them ( Jan rather than Andrzej ) was of the opinion that OBJECT_A was more object oriented than OBJECT_B because you are able tack methods onto the built-in classes.,false,finalized,3,11/10/2017 13:45:49
1445637868,NO_COMP,0.6744,NO_COMP,"<span style=""color: #9A14B2; font-weight: bold"">python:[OBJECT_A]</span>, <span style=""color: #6CB219; font-weight: bold"">ruby:[OBJECT_B]</span>, WordPress, and the old standard OpenOffice (in a freshly minted version 4) are better and stronger than ever.","OBJECT_A, OBJECT_B, WordPress, and the old standard OpenOffice (in a freshly minted version 4) are better and stronger than ever.",false,finalized,3,11/10/2017 14:02:32
1445637869,BETTER,0.6943,BETTER,"<span style=""color: #9A14B2; font-weight: bold"">ruby:[OBJECT_A]</span> has better support for such declarative styles and I am glad the core <span style=""color: #6CB219; font-weight: bold"">python:[OBJECT_B]</span> language is not going down that route.",OBJECT_A has better support for such declarative styles and I am glad the core OBJECT_B language is not going down that route.,false,finalized,3,11/10/2017 13:43:27
1445637870,WORSE,0.6595,BETTER,"Mainly because <span style=""color: #9A14B2; font-weight: bold"">python:[OBJECT_A]</span> is used in considerably more non-web applications than <span style=""color: #6CB219; font-weight: bold"">ruby:[OBJECT_B]</span>, which makes your skills more portable (and you more employable).","Mainly because OBJECT_A is used in considerably more non-web applications than OBJECT_B, which makes your skills more portable (and you more employable).",false,finalized,3,11/10/2017 13:49:56
1445637871,NO_COMP,1,NO_COMP,"This is one area where MySQL Cookbook really shines, because it contains a large amount of sample code in Perl, PHP, <span style=""color: #9A14B2; font-weight: bold"">python:[OBJECT_A]</span>, Java, and even <span style=""color: #6CB219; font-weight: bold"">ruby:[OBJECT_B]</span>.","This is one area where MySQL Cookbook really shines, because it contains a large amount of sample code in Perl, PHP, OBJECT_A, Java, and even OBJECT_B.",false,finalized,3,11/10/2017 13:46:14
1445637872,NO_COMP,1,NO_COMP,"I use <span style=""color: #9A14B2; font-weight: bold"">python:[OBJECT_A]</span> and <span style=""color: #6CB219; font-weight: bold"">ruby:[OBJECT_B]</span> heavily because it's easy for other people to understand and I can quickly do a task in them.",I use OBJECT_A and OBJECT_B heavily because it's easy for other people to understand and I can quickly do a task in them.,false,finalized,3,11/10/2017 13:46:44
1445637873,NO_COMP,1,NO_COMP,"I take your word that Perl/<span style=""color: #9A14B2; font-weight: bold"">python:[OBJECT_A]</span>/<span style=""color: #6CB219; font-weight: bold"">ruby:[OBJECT_B]</span>/LISP/whatever is much superior.",I take your word that Perl/OBJECT_A/OBJECT_B/LISP/whatever is much superior.,false,finalized,3,11/10/2017 13:45:10
1445637885,NO_COMP,1,NO_COMP,"<span style=""color: #9A14B2; font-weight: bold"">android:[OBJECT_A]</span> and <span style=""color: #6CB219; font-weight: bold"">iphone:[OBJECT_B]</span> only.",OBJECT_A and OBJECT_B only.,false,finalized,3,11/10/2017 13:40:16
1445637886,NO_COMP,1,NO_COMP,"<span style=""color: #9A14B2; font-weight: bold"">iphone:[OBJECT_A]</span>, iPad, and <span style=""color: #6CB219; font-weight: bold"">android:[OBJECT_B]</span> Compatible!","OBJECT_A, iPad, and OBJECT_B Compatible!",false,finalized,3,11/10/2017 13:44:34
1445637887,BETTER,0.5271,BETTER,"(See <span style=""color: #9A14B2; font-weight: bold"">android:[OBJECT_A]</span> Dethrones the <span style=""color: #6CB219; font-weight: bold"">iphone:[OBJECT_B]</span> .)",(See OBJECT_A Dethrones the OBJECT_B .),false,finalized,4,11/10/2017 13:42:57
1445637888,NO_COMP,1,NO_COMP,"<span style=""color: #9A14B2; font-weight: bold"">android:[OBJECT_A]</span>, <span style=""color: #6CB219; font-weight: bold"">iphone:[OBJECT_B]</span>, BlackBerry, Windows","OBJECT_A, OBJECT_B, BlackBerry, Windows",false,finalized,3,11/10/2017 13:46:14
1445637889,NO_COMP,1,NO_COMP,", free for <span style=""color: #9A14B2; font-weight: bold"">iphone:[OBJECT_A]</span> and <span style=""color: #6CB219; font-weight: bold"">android:[OBJECT_B]</span>).",", free for OBJECT_A and OBJECT_B).",false,finalized,3,11/10/2017 13:42:54
1445637891,NO_COMP,1,NO_COMP,"Download our <span style=""color: #9A14B2; font-weight: bold"">iphone:[OBJECT_A]</span> & <span style=""color: #6CB219; font-weight: bold"">android:[OBJECT_B]</span> Apps",Download our OBJECT_A & OBJECT_B Apps,false,finalized,3,11/10/2017 13:44:49
1445637892,NO_COMP,1,NO_COMP,"<span style=""color: #9A14B2; font-weight: bold"">iphone:[OBJECT_A]</span>/iPad and <span style=""color: #6CB219; font-weight: bold"">android:[OBJECT_B]</span> Apps",OBJECT_A/iPad and OBJECT_B Apps,false,finalized,3,11/10/2017 13:42:08
1445637893,NO_COMP,1,NO_COMP,"...developer for <span style=""color: #9A14B2; font-weight: bold"">iphone:[OBJECT_A]</span> AND <span style=""color: #6CB219; font-weight: bold"">android:[OBJECT_B]</span>.",...developer for OBJECT_A AND OBJECT_B.,false,finalized,3,11/10/2017 13:45:29
1445637894,NO_COMP,1,NO_COMP,"(<span style=""color: #9A14B2; font-weight: bold"">iphone:[OBJECT_A]</span>, <span style=""color: #6CB219; font-weight: bold"">android:[OBJECT_B]</span>).","(OBJECT_A, OBJECT_B).",false,finalized,3,11/10/2017 13:36:57
1445637895,NO_COMP,1,NO_COMP,"Apps for <span style=""color: #9A14B2; font-weight: bold"">android:[OBJECT_A]</span> and <span style=""color: #6CB219; font-weight: bold"">iphone:[OBJECT_B]</span>",Apps for OBJECT_A and OBJECT_B,false,finalized,3,11/10/2017 14:02:32
1445637896,NO_COMP,1,NO_COMP,"(<span style=""color: #9A14B2; font-weight: bold"">iphone:[OBJECT_A]</span>, <span style=""color: #6CB219; font-weight: bold"">android:[OBJECT_B]</span>; free)","(OBJECT_A, OBJECT_B; free)",false,finalized,3,11/10/2017 13:44:33
1445637897,NO_COMP,1,NO_COMP,"( <span style=""color: #9A14B2; font-weight: bold"">android:[OBJECT_A]</span> , <span style=""color: #6CB219; font-weight: bold"">iphone:[OBJECT_B]</span> , Metal Slug X )","( OBJECT_A , OBJECT_B , Metal Slug X )",false,finalized,3,11/10/2017 15:05:43
1445637898,NO_COMP,1,NO_COMP,"<span style=""color: #9A14B2; font-weight: bold"">iphone:[OBJECT_A]</span>, <span style=""color: #6CB219; font-weight: bold"">android:[OBJECT_B]</span> & web app developer","OBJECT_A, OBJECT_B & web app developer",false,finalized,3,11/10/2017 13:45:28
1445637899,NO_COMP,1,NO_COMP,"<span style=""color: #9A14B2; font-weight: bold"">iphone:[OBJECT_A]</span> and <span style=""color: #6CB219; font-weight: bold"">android:[OBJECT_B]</span> editions (£2.39),","OBJECT_A and OBJECT_B editions (£2.39),",false,finalized,3,11/10/2017 13:46:44
1445637900,NO_COMP,1,NO_COMP,"<span style=""color: #9A14B2; font-weight: bold"">iphone:[OBJECT_A]</span> and <span style=""color: #6CB219; font-weight: bold"">android:[OBJECT_B]</span> apps",OBJECT_A and OBJECT_B apps,false,finalized,3,11/10/2017 13:42:07
1445637901,NO_COMP,1,NO_COMP,"<span style=""color: #9A14B2; font-weight: bold"">android:[OBJECT_A]</span>  and  <span style=""color: #6CB219; font-weight: bold"">iphone:[OBJECT_B]</span> .",OBJECT_A  and  OBJECT_B .,false,finalized,3,11/10/2017 13:40:16
1445637902,NO_COMP,1,NO_COMP,"<span style=""color: #9A14B2; font-weight: bold"">android:[OBJECT_A]</span> & <span style=""color: #6CB219; font-weight: bold"">iphone:[OBJECT_B]</span> Development",OBJECT_A & OBJECT_B Development,false,finalized,3,11/10/2017 13:46:34
1445637903,NO_COMP,1,NO_COMP,"<span style=""color: #9A14B2; font-weight: bold"">iphone:[OBJECT_A]</span>, <span style=""color: #6CB219; font-weight: bold"">android:[OBJECT_B]</span>, Windows phone, etc).","OBJECT_A, OBJECT_B, Windows phone, etc).",false,finalized,3,11/10/2017 13:38:39
1445637904,NO_COMP,1,NO_COMP,"RetailMeNot for <span style=""color: #9A14B2; font-weight: bold"">iphone:[OBJECT_A]</span> or <span style=""color: #6CB219; font-weight: bold"">android:[OBJECT_B]</span> .",RetailMeNot for OBJECT_A or OBJECT_B .,false,finalized,3,11/10/2017 13:46:39
1445637905,NO_COMP,1,NO_COMP,"<span style=""color: #9A14B2; font-weight: bold"">iphone:[OBJECT_A]</span>], <span style=""color: #6CB219; font-weight: bold"">android:[OBJECT_B]</span>, Windows and Linux)","OBJECT_A], OBJECT_B, Windows and Linux)",false,finalized,3,11/10/2017 13:46:44
1445637906,NO_COMP,0.6834,NO_COMP,"( <span style=""color: #9A14B2; font-weight: bold"">android:[OBJECT_A]</span> , Crush , iPad , <span style=""color: #6CB219; font-weight: bold"">iphone:[OBJECT_B]</span> )","( OBJECT_A , Crush , iPad , OBJECT_B )",false,finalized,3,11/10/2017 13:42:07
1445637907,NO_COMP,1,NO_COMP,"<span style=""color: #9A14B2; font-weight: bold"">android:[OBJECT_A]</span> and <span style=""color: #6CB219; font-weight: bold"">iphone:[OBJECT_B]</span> app.",OBJECT_A and OBJECT_B app.,false,finalized,3,11/10/2017 13:36:57
1445637908,NO_COMP,1,NO_COMP,"<span style=""color: #9A14B2; font-weight: bold"">iphone:[OBJECT_A]</span>, iPad & <span style=""color: #6CB219; font-weight: bold"">android:[OBJECT_B]</span> Devices Supported","OBJECT_A, iPad & OBJECT_B Devices Supported",false,finalized,4,11/10/2017 13:46:52
1445637909,NO_COMP,1,NO_COMP,"Flowd (<span style=""color: #9A14B2; font-weight: bold"">iphone:[OBJECT_A]</span>/<span style=""color: #6CB219; font-weight: bold"">android:[OBJECT_B]</span>/Nokia)",Flowd (OBJECT_A/OBJECT_B/Nokia),false,finalized,3,11/10/2017 13:47:27
1445637910,NO_COMP,1,NO_COMP,"<span style=""color: #9A14B2; font-weight: bold"">android:[OBJECT_A]</span> / BlackBerry / <span style=""color: #6CB219; font-weight: bold"">iphone:[OBJECT_B]</span> / Symbian",OBJECT_A / BlackBerry / OBJECT_B / Symbian,false,finalized,3,11/10/2017 13:38:39
1445637911,BETTER,1,BETTER,"<span style=""color: #9A14B2; font-weight: bold"">android:[OBJECT_A]</span> is much better, economically speaking, than <span style=""color: #6CB219; font-weight: bold"">iphone:[OBJECT_B]</span>.","OBJECT_A is much better, economically speaking, than OBJECT_B.",false,finalized,4,11/10/2017 13:42:57
1445637912,BETTER,1,BETTER,"Probably because of this they would find <span style=""color: #9A14B2; font-weight: bold"">android:[OBJECT_A]</span> more simple and straightforward than <span style=""color: #6CB219; font-weight: bold"">iphone:[OBJECT_B]</span>.",Probably because of this they would find OBJECT_A more simple and straightforward than OBJECT_B.,false,finalized,3,11/10/2017 13:46:03
1445637913,WORSE,0.6741,NO_COMP,"If you're a fed-up <span style=""color: #9A14B2; font-weight: bold"">iphone:[OBJECT_A]</span> user looking to switch to an <span style=""color: #6CB219; font-weight: bold"">android:[OBJECT_B]</span> device, there are better options.","If you're a fed-up OBJECT_A user looking to switch to an OBJECT_B device, there are better options.",false,finalized,3,11/10/2017 13:41:56
1445637914,BETTER,0.7273,BETTER,"I'm actually quite disappointed with how much better are the photos than from my <span style=""color: #9A14B2; font-weight: bold"">android:[OBJECT_A]</span>, which easily matched <span style=""color: #6CB219; font-weight: bold"">iphone:[OBJECT_B]</span> 4S.","I'm actually quite disappointed with how much better are the photos than from my OBJECT_A, which easily matched OBJECT_B 4S.",false,finalized,3,11/10/2017 13:47:59
1445637915,WORSE,1,WORSE,"why accept an inferior phone running Google's <span style=""color: #9A14B2; font-weight: bold"">android:[OBJECT_A]</span> when you can have Apple's superior <span style=""color: #6CB219; font-weight: bold"">iphone:[OBJECT_B]</span> for a hundred dollars more?"" That is a matter of opinion.",why accept an inferior phone running Google's OBJECT_A when you can have Apple's superior OBJECT_B for a hundred dollars more? That is a matter of opinion.,false,finalized,3,11/10/2017 13:45:28
1445637916,UNCLEAR,1,NO_COMP,"It multitasks even better than <span style=""color: #9A14B2; font-weight: bold"">android:[OBJECT_A]</span>, its as responsive as an <span style=""color: #6CB219; font-weight: bold"">iphone:[OBJECT_B]</span>, and its hardware is better than most blackberries.","It multitasks even better than OBJECT_A, its as responsive as an OBJECT_B, and its hardware is better than most blackberries.",false,finalized,3,11/10/2017 13:45:10
1445637917,NO_COMP,0.6695,NO_COMP,"People do not necessarily switch from an <span style=""color: #9A14B2; font-weight: bold"">android:[OBJECT_A]</span> to an <span style=""color: #6CB219; font-weight: bold"">iphone:[OBJECT_B]</span> or vice versa because they think one is better than the other.",People do not necessarily switch from an OBJECT_A to an OBJECT_B or vice versa because they think one is better than the other.,false,finalized,3,11/10/2017 13:42:48
1445637918,BETTER,1,BETTER,"This is significant if you consider there are a number of <span style=""color: #9A14B2; font-weight: bold"">android:[OBJECT_A]</span> phones available for a similar price which are technologically superior to the <span style=""color: #6CB219; font-weight: bold"">iphone:[OBJECT_B]</span> 3GS .",This is significant if you consider there are a number of OBJECT_A phones available for a similar price which are technologically superior to the OBJECT_B 3GS .,false,finalized,4,11/10/2017 13:44:19
1445637919,BETTER,1,BETTER,"How hard is it to accept the fact <span style=""color: #9A14B2; font-weight: bold"">android:[OBJECT_A]</span> is doing better then the <span style=""color: #6CB219; font-weight: bold"">iphone:[OBJECT_B]</span> these days?",How hard is it to accept the fact OBJECT_A is doing better then the OBJECT_B these days?,false,finalized,3,11/10/2017 13:42:54
1445637920,BETTER,1,BETTER,"However, with Apple's switch, Google's superior mapping app gives <span style=""color: #9A14B2; font-weight: bold"">android:[OBJECT_A]</span> phones a clear advantage over the <span style=""color: #6CB219; font-weight: bold"">iphone:[OBJECT_B]</span> in this important function.","However, with Apple's switch, Google's superior mapping app gives OBJECT_A phones a clear advantage over the OBJECT_B in this important function.",false,finalized,3,11/10/2017 13:42:07
1445637921,NO_COMP,1,NO_COMP,"There was no port to <span style=""color: #9A14B2; font-weight: bold"">iphone:[OBJECT_A]</span>, iPad, or <span style=""color: #6CB219; font-weight: bold"">android:[OBJECT_B]</span> because that would require rewriting the program.","There was no port to OBJECT_A, iPad, or OBJECT_B because that would require rewriting the program.",false,finalized,3,11/10/2017 13:43:01
1445637922,WORSE,1,WORSE,"(Seriously this page works worse on an <span style=""color: #9A14B2; font-weight: bold"">android:[OBJECT_A]</span> using chrome than it did on the <span style=""color: #6CB219; font-weight: bold"">iphone:[OBJECT_B]</span> using safari.)",(Seriously this page works worse on an OBJECT_A using chrome than it did on the OBJECT_B using safari.),false,finalized,3,11/10/2017 13:44:48
1445637923,WORSE,1,WORSE,"Unsure if the ole <span style=""color: #9A14B2; font-weight: bold"">iphone:[OBJECT_A]</span> has this app, because <span style=""color: #6CB219; font-weight: bold"">android:[OBJECT_B]</span> is so much better..lol..but the SLEEP APNEA 2.0 SLEEP ANALYZER works great.","Unsure if the ole OBJECT_A has this app, because OBJECT_B is so much better..lol..but the SLEEP APNEA 2.0 SLEEP ANALYZER works great.",false,finalized,3,11/10/2017 13:32:14
1445637924,UNCLEAR,0.5282,NO_COMP,"See what <span style=""color: #9A14B2; font-weight: bold"">iphone:[OBJECT_A]</span> or <span style=""color: #6CB219; font-weight: bold"">android:[OBJECT_B]</span> has to offer "" better smartphones than BlackBerries!","See what OBJECT_A or OBJECT_B has to offer "" better smartphones than BlackBerries!",false,finalized,4,11/10/2017 13:44:13
1445637925,NO_COMP,1,NO_COMP,"must have been reading our site because they finally ported their popular <span style=""color: #9A14B2; font-weight: bold"">iphone:[OBJECT_A]</span> application to <span style=""color: #6CB219; font-weight: bold"">android:[OBJECT_B]</span>.",must have been reading our site because they finally ported their popular OBJECT_A application to OBJECT_B.,false,finalized,3,11/10/2017 13:45:28
1445637926,BETTER,0.7108,BETTER,"Yawn... <span style=""color: #9A14B2; font-weight: bold"">android:[OBJECT_A]</span> phones are rapidly becoming better spec'd out than the <span style=""color: #6CB219; font-weight: bold"">iphone:[OBJECT_B]</span>.",Yawn... OBJECT_A phones are rapidly becoming better spec'd out than the OBJECT_B.,false,finalized,3,11/10/2017 13:40:40
1445637927,NO_COMP,0.667,NO_COMP,"These great apps will help you get better photos on your <span style=""color: #9A14B2; font-weight: bold"">iphone:[OBJECT_A]</span> or <span style=""color: #6CB219; font-weight: bold"">android:[OBJECT_B]</span> smart phone.",These great apps will help you get better photos on your OBJECT_A or OBJECT_B smart phone.,false,finalized,3,11/10/2017 13:47:27
1445637928,UNCLEAR,0.7405,UNCLEAR,"From an end user perspective, the <span style=""color: #9A14B2; font-weight: bold"">iphone:[OBJECT_A]</span> , <span style=""color: #6CB219; font-weight: bold"">android:[OBJECT_B]</span> and even the Windows Phone are providing better functionality than the BlackBerry.","From an end user perspective, the OBJECT_A , OBJECT_B and even the Windows Phone are providing better functionality than the BlackBerry.",false,finalized,4,11/10/2017 13:44:19
1445637929,BETTER,1,NO_COMP,"iHater muck-raking is useless because a 90% working <span style=""color: #9A14B2; font-weight: bold"">iphone:[OBJECT_A]</span> 4 is still better than a 95% working <span style=""color: #6CB219; font-weight: bold"">android:[OBJECT_B]</span> or Symbian or RIM crapphone.",iHater muck-raking is useless because a 90% working OBJECT_A 4 is still better than a 95% working OBJECT_B or Symbian or RIM crapphone.,false,finalized,3,11/10/2017 13:41:56
1445637930,UNCLEAR,0.6457,NO_COMP,"Make it a unique one a better one than <span style=""color: #9A14B2; font-weight: bold"">android:[OBJECT_A]</span> and <span style=""color: #6CB219; font-weight: bold"">iphone:[OBJECT_B]</span>.",Make it a unique one a better one than OBJECT_A and OBJECT_B.,false,finalized,3,11/10/2017 13:42:14
1445637931,WORSE,1,NO_COMP,"While we find this better in implementation that the <span style=""color: #9A14B2; font-weight: bold"">iphone:[OBJECT_A]</span>, it's still more limited than <span style=""color: #6CB219; font-weight: bold"">android:[OBJECT_B]</span>.","While we find this better in implementation that the OBJECT_A, it's still more limited than OBJECT_B.",false,finalized,3,11/10/2017 13:34:18
1445637932,WORSE,0.6753,WORSE,"There is nothing the <span style=""color: #9A14B2; font-weight: bold"">iphone:[OBJECT_A]</span> can do that an equally powerful <span style=""color: #6CB219; font-weight: bold"">android:[OBJECT_B]</span> device can't do and more and better.",There is nothing the OBJECT_A can do that an equally powerful OBJECT_B device can't do and more and better.,false,finalized,3,11/10/2017 13:41:58
1445637933,WORSE,1,WORSE,"I went GS3 over <span style=""color: #9A14B2; font-weight: bold"">iphone:[OBJECT_A]</span> simply because I prefer the <span style=""color: #6CB219; font-weight: bold"">android:[OBJECT_B]</span> operating system.",I went GS3 over OBJECT_A simply because I prefer the OBJECT_B operating system.,false,finalized,3,11/10/2017 13:41:38
1445637934,WORSE,0.6457,BETTER,"<span style=""color: #9A14B2; font-weight: bold"">android:[OBJECT_A]</span> didn't out pace the <span style=""color: #6CB219; font-weight: bold"">iphone:[OBJECT_B]</span> this year, it just sold slightly better in America.","OBJECT_A didn't out pace the OBJECT_B this year, it just sold slightly better in America.",false,finalized,3,11/10/2017 13:42:14
1445637935,BETTER,0.37,NO_COMP,"Not to mention that the <span style=""color: #9A14B2; font-weight: bold"">iphone:[OBJECT_A]</span> and <span style=""color: #6CB219; font-weight: bold"">android:[OBJECT_B]</span> phones deliver a far superior user experience overall.",Not to mention that the OBJECT_A and OBJECT_B phones deliver a far superior user experience overall.,false,finalized,3,11/10/2017 13:44:33
1445637936,BETTER,1,BETTER,"The reason is simple: Apple's <span style=""color: #9A14B2; font-weight: bold"">iphone:[OBJECT_A]</span> is perceived by customers to be a better device than any <span style=""color: #6CB219; font-weight: bold"">android:[OBJECT_B]</span> handset.",The reason is simple: Apple's OBJECT_A is perceived by customers to be a better device than any OBJECT_B handset.,false,finalized,3,11/10/2017 13:46:03
1445637937,BETTER,1,BETTER,"10 Things <span style=""color: #9A14B2; font-weight: bold"">android:[OBJECT_A]</span> Does Better Than <span style=""color: #6CB219; font-weight: bold"">iphone:[OBJECT_B]</span> OS",10 Things OBJECT_A Does Better Than OBJECT_B OS,false,finalized,3,11/10/2017 13:32:14
1445637938,BETTER,1,BETTER,"<span style=""color: #9A14B2; font-weight: bold"">android:[OBJECT_A]</span> phones have better processing power than <span style=""color: #6CB219; font-weight: bold"">iphone:[OBJECT_B]</span>",OBJECT_A phones have better processing power than OBJECT_B,false,finalized,3,11/10/2017 13:45:49
1445637939,BETTER,1,BETTER,"Just another step towards showing that <span style=""color: #9A14B2; font-weight: bold"">android:[OBJECT_A]</span> is ultimately better than the <span style=""color: #6CB219; font-weight: bold"">iphone:[OBJECT_B]</span>.",Just another step towards showing that OBJECT_A is ultimately better than the OBJECT_B.,false,finalized,3,11/10/2017 13:33:27
1445637940,BETTER,1,BETTER,"The <span style=""color: #9A14B2; font-weight: bold"">iphone:[OBJECT_A]</span> OS Google Maps app is better integrated than the <span style=""color: #6CB219; font-weight: bold"">android:[OBJECT_B]</span> app.",The OBJECT_A OS Google Maps app is better integrated than the OBJECT_B app.,false,finalized,3,11/10/2017 13:45:10
1445637941,UNCLEAR,0.6614,UNCLEAR,"The version for the <span style=""color: #9A14B2; font-weight: bold"">iphone:[OBJECT_A]</span> was pathetic , and the <span style=""color: #6CB219; font-weight: bold"">android:[OBJECT_B]</span> version is no better.","The version for the OBJECT_A was pathetic , and the OBJECT_B version is no better.",false,finalized,3,11/10/2017 13:46:39
1445637942,BETTER,0.662,BETTER,"<span style=""color: #9A14B2; font-weight: bold"">android:[OBJECT_A]</span> phones may have eclipsed the <span style=""color: #6CB219; font-weight: bold"">iphone:[OBJECT_B]</span> in specs, and the UI is only getting better.","OBJECT_A phones may have eclipsed the OBJECT_B in specs, and the UI is only getting better.",false,finalized,3,11/10/2017 13:41:19
1445637943,BETTER,0.6538,NO_COMP,"The <span style=""color: #9A14B2; font-weight: bold"">iphone:[OBJECT_A]</span> may just blow us away again, regardless of how many of you think <span style=""color: #6CB219; font-weight: bold"">android:[OBJECT_B]</span> is so superior.","The OBJECT_A may just blow us away again, regardless of how many of you think OBJECT_B is so superior.",false,finalized,3,11/10/2017 13:46:39
1445637944,UNCLEAR,1,NO_COMP,"It's better than any <span style=""color: #9A14B2; font-weight: bold"">iphone:[OBJECT_A]</span> or <span style=""color: #6CB219; font-weight: bold"">android:[OBJECT_B]</span> phone I've tested thus far.",It's better than any OBJECT_A or OBJECT_B phone I've tested thus far.,false,finalized,4,11/10/2017 13:45:29
1445637945,BETTER,1,BETTER,"EVERYONE that bothers to do research knows <span style=""color: #9A14B2; font-weight: bold"">android:[OBJECT_A]</span> can do more and is better than the <span style=""color: #6CB219; font-weight: bold"">iphone:[OBJECT_B]</span>.",EVERYONE that bothers to do research knows OBJECT_A can do more and is better than the OBJECT_B.,false,finalized,3,11/10/2017 13:44:32
1445637946,BETTER,0.667,NO_COMP,"That's because certain products or services do better on certain carriers or devices, and it's possible to target ads at that level on <span style=""color: #9A14B2; font-weight: bold"">android:[OBJECT_A]</span> by not <span style=""color: #6CB219; font-weight: bold"">iphone:[OBJECT_B]</span>.","That's because certain products or services do better on certain carriers or devices, and it's possible to target ads at that level on OBJECT_A by not OBJECT_B.",false,finalized,3,11/10/2017 13:47:27
1445637947,WORSE,1,WORSE,"In reply to Only a hill: ""The <span style=""color: #9A14B2; font-weight: bold"">iphone:[OBJECT_A]</span> has a notoriously inaccurate internal compass, but most <span style=""color: #6CB219; font-weight: bold"">android:[OBJECT_B]</span> handsets are better"".","In reply to Only a hill: ""The OBJECT_A has a notoriously inaccurate internal compass, but most OBJECT_B handsets are better"".",false,finalized,3,11/10/2017 13:38:40
1445637948,NO_COMP,0.5042,NO_COMP,"Its better specs will make it more competitive against the <span style=""color: #9A14B2; font-weight: bold"">iphone:[OBJECT_A]</span> 4S and <span style=""color: #6CB219; font-weight: bold"">android:[OBJECT_B]</span> superphones.",Its better specs will make it more competitive against the OBJECT_A 4S and OBJECT_B superphones.,false,finalized,4,11/10/2017 13:44:13
1445637949,BETTER,1,BETTER,"<span style=""color: #9A14B2; font-weight: bold"">android:[OBJECT_A]</span> provides better Utility to us than an equivalent <span style=""color: #6CB219; font-weight: bold"">iphone:[OBJECT_B]</span>.",OBJECT_A provides better Utility to us than an equivalent OBJECT_B.,false,finalized,3,11/10/2017 13:45:06
1445637950,BETTER,1,BETTER,"I think Apple is doing this because better apps is pretty much the only thing that's better about the <span style=""color: #9A14B2; font-weight: bold"">iphone:[OBJECT_A]</span> than <span style=""color: #6CB219; font-weight: bold"">android:[OBJECT_B]</span>.",I think Apple is doing this because better apps is pretty much the only thing that's better about the OBJECT_A than OBJECT_B.,false,finalized,3,11/10/2017 13:44:32
1445637951,BETTER,1,BETTER,"The <span style=""color: #9A14B2; font-weight: bold"">iphone:[OBJECT_A]</span> is older and has a broader and better range of applications available than in the <span style=""color: #6CB219; font-weight: bold"">android:[OBJECT_B]</span> Market.",The OBJECT_A is older and has a broader and better range of applications available than in the OBJECT_B Market.,false,finalized,3,11/10/2017 13:44:13
1445637952,UNCLEAR,1,NO_COMP,"Owning an <span style=""color: #9A14B2; font-weight: bold"">iphone:[OBJECT_A]</span> or <span style=""color: #6CB219; font-weight: bold"">android:[OBJECT_B]</span> smartphone just got even better with Pebble , the first watch designed for the 21st century.","Owning an OBJECT_A or OBJECT_B smartphone just got even better with Pebble , the first watch designed for the 21st century.",false,finalized,3,11/10/2017 13:33:27
1445637953,BETTER,0.6364,UNCLEAR,"It's all down to personal preference just because your happier with <span style=""color: #9A14B2; font-weight: bold"">android:[OBJECT_A]</span> doesn't mean <span style=""color: #6CB219; font-weight: bold"">iphone:[OBJECT_B]</span> users are using an inferior device.",It's all down to personal preference just because your happier with OBJECT_A doesn't mean OBJECT_B users are using an inferior device.,false,finalized,3,11/10/2017 13:47:59
1445637954,WORSE,0.3554,WORSE,"Google shouldn't have mandated an inferior map app on the <span style=""color: #9A14B2; font-weight: bold"">iphone:[OBJECT_A]</span> (as opposed to <span style=""color: #6CB219; font-weight: bold"">android:[OBJECT_B]</span>).",Google shouldn't have mandated an inferior map app on the OBJECT_A (as opposed to OBJECT_B).,false,finalized,3,11/10/2017 13:42:08
1445637955,BETTER,1,BETTER,"I can say, hands down, the <span style=""color: #9A14B2; font-weight: bold"">iphone:[OBJECT_A]</span>/iPod touch UI is much better implemented than <span style=""color: #6CB219; font-weight: bold"">android:[OBJECT_B]</span> is on the Droid.","I can say, hands down, the OBJECT_A/iPod touch UI is much better implemented than OBJECT_B is on the Droid.",false,finalized,3,11/10/2017 13:43:27
1445637956,UNCLEAR,1,UNCLEAR,"Microsoft Windows Phone 8 review: Better than <span style=""color: #9A14B2; font-weight: bold"">iphone:[OBJECT_A]</span> or <span style=""color: #6CB219; font-weight: bold"">android:[OBJECT_B]</span>?",Microsoft Windows Phone 8 review: Better than OBJECT_A or OBJECT_B?,false,finalized,3,11/10/2017 13:47:27
1445637957,BETTER,1,BETTER,"I, and millions of others, like my <span style=""color: #9A14B2; font-weight: bold"">android:[OBJECT_A]</span> better than the equivalent <span style=""color: #6CB219; font-weight: bold"">iphone:[OBJECT_B]</span>.","I, and millions of others, like my OBJECT_A better than the equivalent OBJECT_B.",false,finalized,3,11/10/2017 13:49:56
1445637958,BETTER,1,BETTER,"The apps for the <span style=""color: #9A14B2; font-weight: bold"">iphone:[OBJECT_A]</span> are generally better than those for <span style=""color: #6CB219; font-weight: bold"">android:[OBJECT_B]</span> (for example, consider The Weather Network apps).","The apps for the OBJECT_A are generally better than those for OBJECT_B (for example, consider The Weather Network apps).",false,finalized,3,11/10/2017 13:46:34
1445637959,BETTER,1,BETTER,"There are a dozen <span style=""color: #9A14B2; font-weight: bold"">android:[OBJECT_A]</span> phones for which the hardware is superior to the <span style=""color: #6CB219; font-weight: bold"">iphone:[OBJECT_B]</span>.",There are a dozen OBJECT_A phones for which the hardware is superior to the OBJECT_B.,false,finalized,3,11/10/2017 13:41:38
1445637960,UNCLEAR,0.5001,NO_COMP,"Overall, this is a great phone and definitely better than the <span style=""color: #9A14B2; font-weight: bold"">iphone:[OBJECT_A]</span> 5 because of its speed, screen size, screen quality, hardware, and <span style=""color: #6CB219; font-weight: bold"">android:[OBJECT_B]</span> 4.0.4","Overall, this is a great phone and definitely better than the OBJECT_A 5 because of its speed, screen size, screen quality, hardware, and OBJECT_B 4.0.4",false,finalized,4,11/10/2017 13:43:53
1445637961,NO_COMP,0.6519,NO_COMP,"I'm in the minority because I am using an <span style=""color: #9A14B2; font-weight: bold"">android:[OBJECT_A]</span> and not an <span style=""color: #6CB219; font-weight: bold"">iphone:[OBJECT_B]</span>.",I'm in the minority because I am using an OBJECT_A and not an OBJECT_B.,false,finalized,3,11/10/2017 13:46:03
1445637962,UNCLEAR,0.6557,NO_COMP,"To me it is much better than <span style=""color: #9A14B2; font-weight: bold"">iphone:[OBJECT_A]</span> and <span style=""color: #6CB219; font-weight: bold"">android:[OBJECT_B]</span>.",To me it is much better than OBJECT_A and OBJECT_B.,false,finalized,3,11/10/2017 13:38:39
1445637963,UNCLEAR,1,UNCLEAR,"For web even good smart phone (<span style=""color: #9A14B2; font-weight: bold"">iphone:[OBJECT_A]</span>, <span style=""color: #6CB219; font-weight: bold"">android:[OBJECT_B]</span>, etc.) is way better than ereader.","For web even good smart phone (OBJECT_A, OBJECT_B, etc.) is way better than ereader.",false,finalized,3,11/10/2017 13:44:48
1445637964,BETTER,1,BETTER,"There are <span style=""color: #9A14B2; font-weight: bold"">android:[OBJECT_A]</span> devices which have vastly superior battery life and screens than an <span style=""color: #6CB219; font-weight: bold"">iphone:[OBJECT_B]</span>.",There are OBJECT_A devices which have vastly superior battery life and screens than an OBJECT_B.,false,finalized,4,11/10/2017 13:44:17
1445637965,BETTER,0.6781,BETTER,"The <span style=""color: #9A14B2; font-weight: bold"">iphone:[OBJECT_A]</span> has a superior number of good apps, though <span style=""color: #6CB219; font-weight: bold"">android:[OBJECT_B]</span> phones counter with good alternatives.","The OBJECT_A has a superior number of good apps, though OBJECT_B phones counter with good alternatives.",false,finalized,3,11/10/2017 13:45:29
1445637966,BETTER,1,BETTER,"<span style=""color: #9A14B2; font-weight: bold"">android:[OBJECT_A]</span> seems to be better at offering a wider selection of models than <span style=""color: #6CB219; font-weight: bold"">iphone:[OBJECT_B]</span>.",OBJECT_A seems to be better at offering a wider selection of models than OBJECT_B.,false,finalized,3,11/10/2017 13:44:32
1445637967,BETTER,1,BETTER,"Otherwise, the hardware platform looks to be very competitive with <span style=""color: #9A14B2; font-weight: bold"">android:[OBJECT_A]</span> handsets, with many models having specs superior to those of the Apple <span style=""color: #6CB219; font-weight: bold"">iphone:[OBJECT_B]</span> 4.","Otherwise, the hardware platform looks to be very competitive with OBJECT_A handsets, with many models having specs superior to those of the Apple OBJECT_B 4.",false,finalized,3,11/10/2017 13:40:16
1445637968,BETTER,1,BETTER,"I love <span style=""color: #9A14B2; font-weight: bold"">android:[OBJECT_A]</span> because the <span style=""color: #6CB219; font-weight: bold"">iphone:[OBJECT_B]</span> might be coming to Verizon and I could care less.",I love OBJECT_A because the OBJECT_B might be coming to Verizon and I could care less.,false,finalized,3,11/10/2017 13:42:11
1445637969,UNCLEAR,0.6706,NO_COMP,"In my opinion its superior when compared to the built in email clients on <span style=""color: #9A14B2; font-weight: bold"">iphone:[OBJECT_A]</span> or  <span style=""color: #6CB219; font-weight: bold"">android:[OBJECT_B]</span>.",In my opinion its superior when compared to the built in email clients on OBJECT_A or  OBJECT_B.,false,finalized,3,11/10/2017 13:34:18
1445637970,UNCLEAR,1,NO_COMP,"This really better be good, because BlackBerry apps aren't that great compared to <span style=""color: #9A14B2; font-weight: bold"">iphone:[OBJECT_A]</span> or potentially <span style=""color: #6CB219; font-weight: bold"">android:[OBJECT_B]</span>.","This really better be good, because BlackBerry apps aren't that great compared to OBJECT_A or potentially OBJECT_B.",false,finalized,3,11/10/2017 13:41:27
1445637971,BETTER,1,BETTER,"I am a family medicine physician , and for me <span style=""color: #9A14B2; font-weight: bold"">iphone:[OBJECT_A]</span> is still superior to the <span style=""color: #6CB219; font-weight: bold"">android:[OBJECT_B]</span> ( i am talking about the personal use )","I am a family medicine physician , and for me OBJECT_A is still superior to the OBJECT_B ( i am talking about the personal use )",false,finalized,3,11/10/2017 13:38:40
1445637972,WORSE,1,WORSE,"<span style=""color: #9A14B2; font-weight: bold"">iphone:[OBJECT_A]</span> is Robot Jesus because it breaks through that wall, but <span style=""color: #6CB219; font-weight: bold"">android:[OBJECT_B]</span> will be even bigger.","OBJECT_A is Robot Jesus because it breaks through that wall, but OBJECT_B will be even bigger.",false,finalized,3,11/10/2017 13:44:17
1445637973,BETTER,1,BETTER,"I say this with sadness, because so far I like the <span style=""color: #9A14B2; font-weight: bold"">iphone:[OBJECT_A]</span> OS much better than <span style=""color: #6CB219; font-weight: bold"">android:[OBJECT_B]</span>.","I say this with sadness, because so far I like the OBJECT_A OS much better than OBJECT_B.",false,finalized,3,11/10/2017 13:33:27
1445637974,WORSE,0.6921,NO_COMP,"I sold off my <span style=""color: #9A14B2; font-weight: bold"">iphone:[OBJECT_A]</span> 4 thinking I would like the features of the <span style=""color: #6CB219; font-weight: bold"">android:[OBJECT_B]</span> phone better.",I sold off my OBJECT_A 4 thinking I would like the features of the OBJECT_B phone better.,false,finalized,3,11/10/2017 13:41:27
1445637975,BETTER,1,BETTER,"Lots of people buy an <span style=""color: #9A14B2; font-weight: bold"">android:[OBJECT_A]</span> phone because it is cheaper than <span style=""color: #6CB219; font-weight: bold"">iphone:[OBJECT_B]</span>.",Lots of people buy an OBJECT_A phone because it is cheaper than OBJECT_B.,false,finalized,3,11/10/2017 13:45:28
1445637976,BETTER,1,NO_COMP,"If you happen to like <span style=""color: #9A14B2; font-weight: bold"">android:[OBJECT_A]</span> better, why make it a point to bash <span style=""color: #6CB219; font-weight: bold"">iphone:[OBJECT_B]</span> constantly?","If you happen to like OBJECT_A better, why make it a point to bash OBJECT_B constantly?",false,finalized,4,11/10/2017 13:44:49
1445637977,WORSE,1,WORSE,"The <span style=""color: #9A14B2; font-weight: bold"">iphone:[OBJECT_A]</span> is cool, I think the SDK for <span style=""color: #6CB219; font-weight: bold"">android:[OBJECT_B]</span> is a tick better and a bit...","The OBJECT_A is cool, I think the SDK for OBJECT_B is a tick better and a bit...",false,finalized,4,11/10/2017 13:44:17
1445637978,BETTER,1,BETTER,"that is why you consider your <span style=""color: #9A14B2; font-weight: bold"">iphone:[OBJECT_A]</span> better then <span style=""color: #6CB219; font-weight: bold"">android:[OBJECT_B]</span>.",that is why you consider your OBJECT_A better then OBJECT_B.,false,finalized,3,11/10/2017 13:44:52
1445637979,BETTER,1,BETTER,"5 Ways The <span style=""color: #9A14B2; font-weight: bold"">iphone:[OBJECT_A]</span> Is Better Than <span style=""color: #6CB219; font-weight: bold"">android:[OBJECT_B]</span>",5 Ways The OBJECT_A Is Better Than OBJECT_B,false,finalized,3,11/10/2017 13:42:48
1445637980,NO_COMP,1,NO_COMP,"Even better, it supports multiple book readers: <span style=""color: #9A14B2; font-weight: bold"">android:[OBJECT_A]</span>, <span style=""color: #6CB219; font-weight: bold"">iphone:[OBJECT_B]</span>, Nook, Web.","Even better, it supports multiple book readers: OBJECT_A, OBJECT_B, Nook, Web.",false,finalized,4,11/10/2017 13:43:49
1445637981,BETTER,0.6364,NO_COMP,"We can't let him walk away thinking that his precious <span style=""color: #9A14B2; font-weight: bold"">iphone:[OBJECT_A]</span> is that  much better than <span style=""color: #6CB219; font-weight: bold"">android:[OBJECT_B]</span> now can we?",We can't let him walk away thinking that his precious OBJECT_A is that  much better than OBJECT_B now can we?,false,finalized,3,11/10/2017 13:47:59
1445637982,UNCLEAR,0.6294,NO_COMP,"SO is not a place for questions like which is better, <span style=""color: #9A14B2; font-weight: bold"">iphone:[OBJECT_A]</span> and <span style=""color: #6CB219; font-weight: bold"">android:[OBJECT_B]</span>?","SO is not a place for questions like which is better, OBJECT_A and OBJECT_B?",false,finalized,3,11/10/2017 13:46:44
1445637983,WORSE,1,WORSE,"<span style=""color: #9A14B2; font-weight: bold"">android:[OBJECT_A]</span> getting worse battery life than an <span style=""color: #6CB219; font-weight: bold"">iphone:[OBJECT_B]</span>???",OBJECT_A getting worse battery life than an OBJECT_B???,false,finalized,3,11/10/2017 13:43:53
1445637984,UNCLEAR,1,NO_COMP,"If you look at the <span style=""color: #9A14B2; font-weight: bold"">iphone:[OBJECT_A]</span> or <span style=""color: #6CB219; font-weight: bold"">android:[OBJECT_B]</span> devices, their graphics look a lot better than the Wii.","If you look at the OBJECT_A or OBJECT_B devices, their graphics look a lot better than the Wii.",false,finalized,3,11/10/2017 13:42:54
1445637985,BETTER,1,UNCLEAR,"Any modern <span style=""color: #9A14B2; font-weight: bold"">android:[OBJECT_A]</span> phone today has the same level or better build quality than any <span style=""color: #6CB219; font-weight: bold"">iphone:[OBJECT_B]</span>.",Any modern OBJECT_A phone today has the same level or better build quality than any OBJECT_B.,false,finalized,3,11/10/2017 13:32:14